date,product_name,tagline,upvotes,url
2025-07-30,Rustic AI ,Your visual AI design editor,62,https://www.producthunt.com/products/rustic-ai?utm_campaign=producthunt-api&utm_medium=api-v2&utm_source=Application%3A+sokkertest+%28ID%3A+209846%29
2025-07-30,Setter AI,Turn website visitors into booked calls,58,https://www.producthunt.com/products/setter-ai?utm_campaign=producthunt-api&utm_medium=api-v2&utm_source=Application%3A+sokkertest+%28ID%3A+209846%29
2025-07-30,Tesla Diner,"24/7 Diner where you can eat, charge, and watch movies",56,https://www.producthunt.com/products/tesla-diner?utm_campaign=producthunt-api&utm_medium=api-v2&utm_source=Application%3A+sokkertest+%28ID%3A+209846%29
2025-07-30,ToolSDK.ai,"5000+ MCP Servers AI Tools, 1 Lines of Code",55,https://www.producthunt.com/products/toolsdk-ai?utm_campaign=producthunt-api&utm_medium=api-v2&utm_source=Application%3A+sokkertest+%28ID%3A+209846%29
2025-07-30,OpenWispr,100% local open source AI speech-to-text model,55,https://www.producthunt.com/products/openwispr-open-source-ai-speech-to-text?utm_campaign=producthunt-api&utm_medium=api-v2&utm_source=Application%3A+sokkertest+%28ID%3A+209846%29
2025-07-30,DesignQA,The fastest way to report design bugs,55,https://www.producthunt.com/products/designqa?utm_campaign=producthunt-api&utm_medium=api-v2&utm_source=Application%3A+sokkertest+%28ID%3A+209846%29
2025-07-30,Droidrun,Give AI native control of physical & virtual phones.,55,https://www.producthunt.com/products/droidrun-framework-for-mobile-agent?utm_campaign=producthunt-api&utm_medium=api-v2&utm_source=Application%3A+sokkertest+%28ID%3A+209846%29
2025-07-30,Meet-Ting,Free AI assistant for email scheduling in early access,54,https://www.producthunt.com/products/meet-ting?utm_campaign=producthunt-api&utm_medium=api-v2&utm_source=Application%3A+sokkertest+%28ID%3A+209846%29
2025-07-30,Candlestick AI,"Invest in custom portfolio ideas, researched by AI agents",54,https://www.producthunt.com/products/candlestick-ai-2?utm_campaign=producthunt-api&utm_medium=api-v2&utm_source=Application%3A+sokkertest+%28ID%3A+209846%29
2025-07-30,ChatGPT study mode,A new way to learn with ChatGPT,54,https://www.producthunt.com/products/openai-api?utm_campaign=producthunt-api&utm_medium=api-v2&utm_source=Application%3A+sokkertest+%28ID%3A+209846%29
2025-07-29,RunLLM,AI that doesn‚Äôt just respond‚Äîit resolves,520,https://www.producthunt.com/products/runllm-the-ai-support-engineer?utm_campaign=producthunt-api&utm_medium=api-v2&utm_source=Application%3A+sokkertest+%28ID%3A+209846%29
2025-07-29,Magic Patterns,Design new features with AI,506,https://www.producthunt.com/products/magicpatterns?utm_campaign=producthunt-api&utm_medium=api-v2&utm_source=Application%3A+sokkertest+%28ID%3A+209846%29
2025-07-29,PodClips,Turn your podcasts into viral video content,399,https://www.producthunt.com/products/fluent-frame?utm_campaign=producthunt-api&utm_medium=api-v2&utm_source=Application%3A+sokkertest+%28ID%3A+209846%29
2025-07-29,Jotform Gmail Agent,Automatically draft Gmail replies that sound just like you,320,https://www.producthunt.com/products/jotform?utm_campaign=producthunt-api&utm_medium=api-v2&utm_source=Application%3A+sokkertest+%28ID%3A+209846%29
2025-07-29,SideNotes,Quick notes on screen edge,263,https://www.producthunt.com/products/sidenotes-3?utm_campaign=producthunt-api&utm_medium=api-v2&utm_source=Application%3A+sokkertest+%28ID%3A+209846%29
2025-07-29,Wan 2.2,The first open MoE model for AI video generation,179,https://www.producthunt.com/products/wan-2-2?utm_campaign=producthunt-api&utm_medium=api-v2&utm_source=Application%3A+sokkertest+%28ID%3A+209846%29
2025-07-29,Notion-style editor for Tiptap Cloud,Collaborative block-based editor ‚Üí ready to drop in your app,162,https://www.producthunt.com/products/tiptap?utm_campaign=producthunt-api&utm_medium=api-v2&utm_source=Application%3A+sokkertest+%28ID%3A+209846%29
2025-07-29,sndmyself,The simplest way to send yourself a message,156,https://www.producthunt.com/products/sndmyself?utm_campaign=producthunt-api&utm_medium=api-v2&utm_source=Application%3A+sokkertest+%28ID%3A+209846%29
2025-07-29,Lumo by Proton,Privacy-first AI assistant with confidential conversations,139,https://www.producthunt.com/products/proton-2?utm_campaign=producthunt-api&utm_medium=api-v2&utm_source=Application%3A+sokkertest+%28ID%3A+209846%29
2025-07-29,Layout.dev,Turn ideas into prototypes ‚Äî in seconds,128,https://www.producthunt.com/products/layout-dev?utm_campaign=producthunt-api&utm_medium=api-v2&utm_source=Application%3A+sokkertest+%28ID%3A+209846%29
2025-07-28,CopyCat,Build browser automations with AI,567,https://www.producthunt.com/products/copycat-5?utm_campaign=producthunt-api&utm_medium=api-v2&utm_source=Application%3A+sokkertest+%28ID%3A+209846%29
2025-07-28,Doco,Cursor for Microsoft Word,451,https://www.producthunt.com/products/doco-2?utm_campaign=producthunt-api&utm_medium=api-v2&utm_source=Application%3A+sokkertest+%28ID%3A+209846%29
2025-07-28,Nitrode ,AI game engine to prototype 3D games in a day,366,https://www.producthunt.com/products/nitrode-ai-game-engine?utm_campaign=producthunt-api&utm_medium=api-v2&utm_source=Application%3A+sokkertest+%28ID%3A+209846%29
2025-07-28,Unitree R1,Ultra-lightweight humanoid robot starting at $5900,285,https://www.producthunt.com/products/unitree-g1?utm_campaign=producthunt-api&utm_medium=api-v2&utm_source=Application%3A+sokkertest+%28ID%3A+209846%29
2025-07-28,Ahey,"A free and open-source, embeddable video conference app.",198,https://www.producthunt.com/products/ahey-2?utm_campaign=producthunt-api&utm_medium=api-v2&utm_source=Application%3A+sokkertest+%28ID%3A+209846%29
2025-07-28,Singify AI Vocal Remover,Remove vocals from any song,153,https://www.producthunt.com/products/singify-ai-vocal-remover?utm_campaign=producthunt-api&utm_medium=api-v2&utm_source=Application%3A+sokkertest+%28ID%3A+209846%29
2025-07-28,Chive,The macOS companion for Claude Code,152,https://www.producthunt.com/products/chive?utm_campaign=producthunt-api&utm_medium=api-v2&utm_source=Application%3A+sokkertest+%28ID%3A+209846%29
2025-07-28,Guidey,Add modern onboarding tours to your product in minutes,135,https://www.producthunt.com/products/guidey?utm_campaign=producthunt-api&utm_medium=api-v2&utm_source=Application%3A+sokkertest+%28ID%3A+209846%29
2025-07-28,Aeneas,AI that helps historians connect the past,125,https://www.producthunt.com/products/aeneas?utm_campaign=producthunt-api&utm_medium=api-v2&utm_source=Application%3A+sokkertest+%28ID%3A+209846%29
2025-07-28,Web ,A free macOS AI browser ,123,https://www.producthunt.com/products/web-macos-ai-browser-free?utm_campaign=producthunt-api&utm_medium=api-v2&utm_source=Application%3A+sokkertest+%28ID%3A+209846%29
2025-07-27,HuHu AI Agent for E-Commerce,AI E-com agent that converts 5x more from just a URL,588,https://www.producthunt.com/products/huhu-ai?utm_campaign=producthunt-api&utm_medium=api-v2&utm_source=Application%3A+sokkertest+%28ID%3A+209846%29
2025-07-27,findable.,Get to #1 on ChatGPT w/ SEO 2.0,571,https://www.producthunt.com/products/findable-3?utm_campaign=producthunt-api&utm_medium=api-v2&utm_source=Application%3A+sokkertest+%28ID%3A+209846%29
2025-07-27,AI Phone Screener by Hyring,Screen 1000 candidates before lunch,283,https://www.producthunt.com/products/ai-interviewer-by-hyring?utm_campaign=producthunt-api&utm_medium=api-v2&utm_source=Application%3A+sokkertest+%28ID%3A+209846%29
2025-07-27,One Dollar Resume Review,Professional resume review for just $1,251,https://www.producthunt.com/products/one-dollar-resume-review?utm_campaign=producthunt-api&utm_medium=api-v2&utm_source=Application%3A+sokkertest+%28ID%3A+209846%29
2025-07-27,BugPic,"Identify any insect in seconds, just by snapping a photo",218,https://www.producthunt.com/products/bugpic-insect-identifier?utm_campaign=producthunt-api&utm_medium=api-v2&utm_source=Application%3A+sokkertest+%28ID%3A+209846%29
2025-07-27,Bilbo,Metabase AI Agent,167,https://www.producthunt.com/products/bilbo?utm_campaign=producthunt-api&utm_medium=api-v2&utm_source=Application%3A+sokkertest+%28ID%3A+209846%29
2025-07-27,Google Search Web Guide,An experimental AI-organized search results page,154,https://www.producthunt.com/products/google-labs?utm_campaign=producthunt-api&utm_medium=api-v2&utm_source=Application%3A+sokkertest+%28ID%3A+209846%29
2025-07-27,Big Weather,"Crafted for calm, clear skies",149,https://www.producthunt.com/products/big-weather-2?utm_campaign=producthunt-api&utm_medium=api-v2&utm_source=Application%3A+sokkertest+%28ID%3A+209846%29
2025-07-27,HunyuanWorld 1.0,From a word or image to an explorable 3D scene,141,https://www.producthunt.com/products/hunyuanworld-1-0?utm_campaign=producthunt-api&utm_medium=api-v2&utm_source=Application%3A+sokkertest+%28ID%3A+209846%29
2025-07-27,Annot8,The fastest way to tag images for object detection datasets,122,https://www.producthunt.com/products/annot8-object-detection-image-labeling?utm_campaign=producthunt-api&utm_medium=api-v2&utm_source=Application%3A+sokkertest+%28ID%3A+209846%29
2025-07-26, Runway Aleph,"A new way to edit, transform and generate video",334,https://www.producthunt.com/products/runwayml?utm_campaign=producthunt-api&utm_medium=api-v2&utm_source=Application%3A+sokkertest+%28ID%3A+209846%29
2025-07-26,Quicko Pro,Practice management software for accountants,322,https://www.producthunt.com/products/quicko-pro?utm_campaign=producthunt-api&utm_medium=api-v2&utm_source=Application%3A+sokkertest+%28ID%3A+209846%29
2025-07-26,Ship Happens,"Create, translate, & upload screenshots/metadata for apps",283,https://www.producthunt.com/products/ship-happens-automate-asc-localization?utm_campaign=producthunt-api&utm_medium=api-v2&utm_source=Application%3A+sokkertest+%28ID%3A+209846%29
2025-07-26,Qwen3-235B-A22B-Thinking-2507,Qwen's most advanced reasoning model yet,253,https://www.producthunt.com/products/qwen3?utm_campaign=producthunt-api&utm_medium=api-v2&utm_source=Application%3A+sokkertest+%28ID%3A+209846%29
2025-07-26,Shuffle CLI ,"Stunning UIs in Shuffle, full control in Cursor",198,https://www.producthunt.com/products/shuffle?utm_campaign=producthunt-api&utm_medium=api-v2&utm_source=Application%3A+sokkertest+%28ID%3A+209846%29
2025-07-26,Higgsfield Steal,Recreate ANY picture from anywhere on the web,188,https://www.producthunt.com/products/higgsfield?utm_campaign=producthunt-api&utm_medium=api-v2&utm_source=Application%3A+sokkertest+%28ID%3A+209846%29
2025-07-26,The Catipede,An emoji-based online game inspired by Tamagotchi.,144,https://www.producthunt.com/products/the-catipede?utm_campaign=producthunt-api&utm_medium=api-v2&utm_source=Application%3A+sokkertest+%28ID%3A+209846%29
2025-07-26,Tough Tongue AI 3.0,Agentic AI roleplay for high-stakes conversations,129,https://www.producthunt.com/products/tough-tongue-ai-2?utm_campaign=producthunt-api&utm_medium=api-v2&utm_source=Application%3A+sokkertest+%28ID%3A+209846%29
2025-07-26,LyfeLog,"Speak Your Mind, Transform Your Lyfe",70,https://www.producthunt.com/products/lyfelog?utm_campaign=producthunt-api&utm_medium=api-v2&utm_source=Application%3A+sokkertest+%28ID%3A+209846%29
2025-07-26,JustRef,AI Referee for Sports,38,https://www.producthunt.com/products/justref?utm_campaign=producthunt-api&utm_medium=api-v2&utm_source=Application%3A+sokkertest+%28ID%3A+209846%29
2025-07-25,Memories.ai,"ChatGPT for your video library, with unlimited video context",482,https://www.producthunt.com/products/memories-ai?utm_campaign=producthunt-api&utm_medium=api-v2&utm_source=Application%3A+sokkertest+%28ID%3A+209846%29
2025-07-25,Tender,"Like tinder, but only photos of my wife & only right swipes",397,https://www.producthunt.com/products/tender-5?utm_campaign=producthunt-api&utm_medium=api-v2&utm_source=Application%3A+sokkertest+%28ID%3A+209846%29
2025-07-25,Opal,"Describe, create, and share your AI mini-apps",371,https://www.producthunt.com/products/google?utm_campaign=producthunt-api&utm_medium=api-v2&utm_source=Application%3A+sokkertest+%28ID%3A+209846%29
2025-07-25,Golex AI,Turn ideas into interactive demo websites,275,https://www.producthunt.com/products/golex-ai?utm_campaign=producthunt-api&utm_medium=api-v2&utm_source=Application%3A+sokkertest+%28ID%3A+209846%29
2025-07-25,camelAI Embedded,Embed chat with your data in your product,188,https://www.producthunt.com/products/camelai?utm_campaign=producthunt-api&utm_medium=api-v2&utm_source=Application%3A+sokkertest+%28ID%3A+209846%29
2025-07-25,Frigade AI,In-app support that adapts to your product automatically,177,https://www.producthunt.com/products/frigade?utm_campaign=producthunt-api&utm_medium=api-v2&utm_source=Application%3A+sokkertest+%28ID%3A+209846%29
2025-07-25,Create tab in Google Photos,Bring your memories to life,158,https://www.producthunt.com/products/google?utm_campaign=producthunt-api&utm_medium=api-v2&utm_source=Application%3A+sokkertest+%28ID%3A+209846%29
2025-07-25,Parsagon,AI to track and analyze public policy,133,https://www.producthunt.com/products/parsagon?utm_campaign=producthunt-api&utm_medium=api-v2&utm_source=Application%3A+sokkertest+%28ID%3A+209846%29
2025-07-25,Norton‚Ñ¢ Neo,Your first safe AI-native browser,125,https://www.producthunt.com/products/norton-neo?utm_campaign=producthunt-api&utm_medium=api-v2&utm_source=Application%3A+sokkertest+%28ID%3A+209846%29
2025-07-25,Fluensa,Make the entire internet a space for language learning,119,https://www.producthunt.com/products/fluensa?utm_campaign=producthunt-api&utm_medium=api-v2&utm_source=Application%3A+sokkertest+%28ID%3A+209846%29
2025-07-24,Ash ,The first AI designed for therapy,913,https://www.producthunt.com/products/ash-2?utm_campaign=producthunt-api&utm_medium=api-v2&utm_source=Application%3A+sokkertest+%28ID%3A+209846%29
2025-07-24,Lovable Agent Mode,"Lovable now thinks, plans, and acts on its own",447,https://www.producthunt.com/products/lovable?utm_campaign=producthunt-api&utm_medium=api-v2&utm_source=Application%3A+sokkertest+%28ID%3A+209846%29
2025-07-24,Well Embed,Streamline payables with robots chasing invoices & receipts,422,https://www.producthunt.com/products/well-embed?utm_campaign=producthunt-api&utm_medium=api-v2&utm_source=Application%3A+sokkertest+%28ID%3A+209846%29
2025-07-24,Company Dataset,Full company data on millions of profile,396,https://www.producthunt.com/products/company-dataset?utm_campaign=producthunt-api&utm_medium=api-v2&utm_source=Application%3A+sokkertest+%28ID%3A+209846%29
2025-07-24,THEO 2.0,Business Context Engineering Made Simple for Marketing Teams,274,https://www.producthunt.com/products/theo-your-context-powered-ai?utm_campaign=producthunt-api&utm_medium=api-v2&utm_source=Application%3A+sokkertest+%28ID%3A+209846%29
2025-07-24,ZumiGames,Your AI pet with a mind (and adventures) of its own ,263,https://www.producthunt.com/products/zumigames?utm_campaign=producthunt-api&utm_medium=api-v2&utm_source=Application%3A+sokkertest+%28ID%3A+209846%29
2025-07-24,Mantle Starter,Free cap table management platform for early-stage founders,253,https://www.producthunt.com/products/withmantle?utm_campaign=producthunt-api&utm_medium=api-v2&utm_source=Application%3A+sokkertest+%28ID%3A+209846%29
2025-07-24,GitHub Spark,AI platform for building + deploying full-stack apps,243,https://www.producthunt.com/products/github?utm_campaign=producthunt-api&utm_medium=api-v2&utm_source=Application%3A+sokkertest+%28ID%3A+209846%29
2025-07-24,Microtica AI Incident Investigator,An AI Agent that tells you why your systems break,194,https://www.producthunt.com/products/microtica-ai-agents-for-devops?utm_campaign=producthunt-api&utm_medium=api-v2&utm_source=Application%3A+sokkertest+%28ID%3A+209846%29
2025-07-24,DeepDocs,Fix your outdated GitHub Docs on autopilot,171,https://www.producthunt.com/products/deepdocs?utm_campaign=producthunt-api&utm_medium=api-v2&utm_source=Application%3A+sokkertest+%28ID%3A+209846%29
2025-07-23,Trickle - Magic Canvas ,The 1st Agentic Canvas for building apps visually with AI ,1119,https://www.producthunt.com/products/trickle-3?utm_campaign=producthunt-api&utm_medium=api-v2&utm_source=Application%3A+sokkertest+%28ID%3A+209846%29
2025-07-23,Clearitty,Human-verified signals for smarter sales outreach,359,https://www.producthunt.com/products/clearitty?utm_campaign=producthunt-api&utm_medium=api-v2&utm_source=Application%3A+sokkertest+%28ID%3A+209846%29
2025-07-23,commitify.me,AI agents that CALL your phone to keep you on track,334,https://www.producthunt.com/products/commitify-me?utm_campaign=producthunt-api&utm_medium=api-v2&utm_source=Application%3A+sokkertest+%28ID%3A+209846%29
2025-07-23,Qwen3-Coder,A powerful open model for agentic coding tasks,267,https://www.producthunt.com/products/qwen3?utm_campaign=producthunt-api&utm_medium=api-v2&utm_source=Application%3A+sokkertest+%28ID%3A+209846%29
2025-07-23,Zams,The Sales Automation Platform for B2B companies,213,https://www.producthunt.com/products/zams-2?utm_campaign=producthunt-api&utm_medium=api-v2&utm_source=Application%3A+sokkertest+%28ID%3A+209846%29
2025-07-23,SaveIt.now,Organize nothing. Find everything.,205,https://www.producthunt.com/products/saveit-now?utm_campaign=producthunt-api&utm_medium=api-v2&utm_source=Application%3A+sokkertest+%28ID%3A+209846%29
2025-07-23,LLMs.txt Generator,Convert websites to LLMs.txt format in seconds,174,https://www.producthunt.com/products/llms-txt-generator-3?utm_campaign=producthunt-api&utm_medium=api-v2&utm_source=Application%3A+sokkertest+%28ID%3A+209846%29
2025-07-23,Super for iOS,Counter/Activity Tracking hybrid app for minimalists,174,https://www.producthunt.com/products/super-counter-for-ios?utm_campaign=producthunt-api&utm_medium=api-v2&utm_source=Application%3A+sokkertest+%28ID%3A+209846%29
2025-07-23,MinuteText,$1 message for 1 minute or possibly FOREVER | Make it count,157,https://www.producthunt.com/products/minutetext?utm_campaign=producthunt-api&utm_medium=api-v2&utm_source=Application%3A+sokkertest+%28ID%3A+209846%29
2025-07-23,TurboStyle,Visual editor for any website,148,https://www.producthunt.com/products/turbostyle?utm_campaign=producthunt-api&utm_medium=api-v2&utm_source=Application%3A+sokkertest+%28ID%3A+209846%29
2025-07-22,YouWare,World's first vibe coding community,846,https://www.producthunt.com/products/youware?utm_campaign=producthunt-api&utm_medium=api-v2&utm_source=Application%3A+sokkertest+%28ID%3A+209846%29
2025-07-22,Yapify,Speak your emails,629,https://www.producthunt.com/products/yapify?utm_campaign=producthunt-api&utm_medium=api-v2&utm_source=Application%3A+sokkertest+%28ID%3A+209846%29
2025-07-22,Agents Base Phone Agents,World's first synthetic influencer network for content,301,https://www.producthunt.com/products/agents-base?utm_campaign=producthunt-api&utm_medium=api-v2&utm_source=Application%3A+sokkertest+%28ID%3A+209846%29
2025-07-22,Kanba,Open-source project management tool for modern teams,268,https://www.producthunt.com/products/kanba?utm_campaign=producthunt-api&utm_medium=api-v2&utm_source=Application%3A+sokkertest+%28ID%3A+209846%29
2025-07-22,Notebook AI,"Your notes, supercharged by AI",219,https://www.producthunt.com/products/notebook-ai-2?utm_campaign=producthunt-api&utm_medium=api-v2&utm_source=Application%3A+sokkertest+%28ID%3A+209846%29
2025-07-22,AI Shorts,"Turn ideas, long videos, or raw footage into viral shorts",169,https://www.producthunt.com/products/wavel-ai?utm_campaign=producthunt-api&utm_medium=api-v2&utm_source=Application%3A+sokkertest+%28ID%3A+209846%29
2025-07-22,flowy,automatically animated Screen Recordings,165,https://www.producthunt.com/products/flowy-3?utm_campaign=producthunt-api&utm_medium=api-v2&utm_source=Application%3A+sokkertest+%28ID%3A+209846%29
2025-07-22,Convo,Memory & observability for LLM apps,160,https://www.producthunt.com/products/convo-5?utm_campaign=producthunt-api&utm_medium=api-v2&utm_source=Application%3A+sokkertest+%28ID%3A+209846%29
2025-07-22,N8N2MCP,Turn your N8N workflow to MCP servers with just 3 clicks,155,https://www.producthunt.com/products/n8n2mcp-n8n-workflow-into-mcp-servers?utm_campaign=producthunt-api&utm_medium=api-v2&utm_source=Application%3A+sokkertest+%28ID%3A+209846%29
2025-07-22,Polyglotta,Multilingual translator for curious minds,140,https://www.producthunt.com/products/polyglotta?utm_campaign=producthunt-api&utm_medium=api-v2&utm_source=Application%3A+sokkertest+%28ID%3A+209846%29
2025-07-21,Jeeva 2.0,"Superhuman Sales, Powered By Agentic AI",790,https://www.producthunt.com/products/jeeva-ai?utm_campaign=producthunt-api&utm_medium=api-v2&utm_source=Application%3A+sokkertest+%28ID%3A+209846%29
2025-07-21,Levio by Jupitrr AI,Your AI video editing agent,738,https://www.producthunt.com/products/jupitrr?utm_campaign=producthunt-api&utm_medium=api-v2&utm_source=Application%3A+sokkertest+%28ID%3A+209846%29
2025-07-21,the gist of,Go beyond the link in bio. Tell a story. ,462,https://www.producthunt.com/products/the-gist-of?utm_campaign=producthunt-api&utm_medium=api-v2&utm_source=Application%3A+sokkertest+%28ID%3A+209846%29
2025-07-21,Trae 2.0,SOLO: Context Engineer that delivers software end-to-end,448,https://www.producthunt.com/products/trae?utm_campaign=producthunt-api&utm_medium=api-v2&utm_source=Application%3A+sokkertest+%28ID%3A+209846%29
2025-07-21,Krepling Pay," Boost sales with one-click checkout, no account required",323,https://www.producthunt.com/products/krepling?utm_campaign=producthunt-api&utm_medium=api-v2&utm_source=Application%3A+sokkertest+%28ID%3A+209846%29
2025-07-21,sampleapp.ai,Self-serve API & SDK onboarding‚Äîin 60 seconds. Skip docs.,259,https://www.producthunt.com/products/sampleapp-ai?utm_campaign=producthunt-api&utm_medium=api-v2&utm_source=Application%3A+sokkertest+%28ID%3A+209846%29
2025-07-21,Stakpak.dev,Open-source DevOps agent to secure & manage production infra,244,https://www.producthunt.com/products/stakpak-dev?utm_campaign=producthunt-api&utm_medium=api-v2&utm_source=Application%3A+sokkertest+%28ID%3A+209846%29
2025-07-21,Refgrow,Grow with referrals on autopilot,187,https://www.producthunt.com/products/refgrow?utm_campaign=producthunt-api&utm_medium=api-v2&utm_source=Application%3A+sokkertest+%28ID%3A+209846%29
2025-07-21,Veo 3 API,Generate videos (with audio) using Veo 3 from Google,176,https://www.producthunt.com/products/google?utm_campaign=producthunt-api&utm_medium=api-v2&utm_source=Application%3A+sokkertest+%28ID%3A+209846%29
2025-07-21,Brainfork,Own your AI knowledge | Personal MCP server,169,https://www.producthunt.com/products/brainfork?utm_campaign=producthunt-api&utm_medium=api-v2&utm_source=Application%3A+sokkertest+%28ID%3A+209846%29
2025-07-20,Checklist Genie,Create sharable checklists with just your voice & AI,551,https://www.producthunt.com/products/checklist-genie?utm_campaign=producthunt-api&utm_medium=api-v2&utm_source=Application%3A+sokkertest+%28ID%3A+209846%29
2025-07-20,Inbox Zero Tabs,Split inbox tabs for Gmail. 100% private. 100% free,388,https://www.producthunt.com/products/inbox-zero-tabs?utm_campaign=producthunt-api&utm_medium=api-v2&utm_source=Application%3A+sokkertest+%28ID%3A+209846%29
2025-07-20,LLM SEO EEAT,Free SEO check for Google's E-E-A-T content guidelines,344,https://www.producthunt.com/products/llm-seo-eeat?utm_campaign=producthunt-api&utm_medium=api-v2&utm_source=Application%3A+sokkertest+%28ID%3A+209846%29
2025-07-20,Abode,Fresh take on group spaces with friends.,340,https://www.producthunt.com/products/abode-3?utm_campaign=producthunt-api&utm_medium=api-v2&utm_source=Application%3A+sokkertest+%28ID%3A+209846%29
2025-07-20,MyLens Stock Market,AI for Stock & Market Analysis,331,https://www.producthunt.com/products/mylens-stock-market?utm_campaign=producthunt-api&utm_medium=api-v2&utm_source=Application%3A+sokkertest+%28ID%3A+209846%29
2025-07-20,Bitchat,Anonymous messaging via Bluetooth mesh networks by Dorsey,290,https://www.producthunt.com/products/bitchat-bluetooth-mesh-chat-by-dorsey?utm_campaign=producthunt-api&utm_medium=api-v2&utm_source=Application%3A+sokkertest+%28ID%3A+209846%29
2025-07-20,VentureStaking¬Æ by Doriot¬Æ,Own the right to invest in the next breakout startup,191,https://www.producthunt.com/products/doriot?utm_campaign=producthunt-api&utm_medium=api-v2&utm_source=Application%3A+sokkertest+%28ID%3A+209846%29
2025-07-20,Buildstash,A new home for your software binaries,166,https://www.producthunt.com/products/buildstash?utm_campaign=producthunt-api&utm_medium=api-v2&utm_source=Application%3A+sokkertest+%28ID%3A+209846%29
2025-07-20,Virly,Viral LinkedIn posts in your voice,147,https://www.producthunt.com/products/virly?utm_campaign=producthunt-api&utm_medium=api-v2&utm_source=Application%3A+sokkertest+%28ID%3A+209846%29
2025-07-20,3D Bust Maker,"Make a 3D Bust from a single photo, ready for 3D printing",135,https://www.producthunt.com/products/3d-bust-maker?utm_campaign=producthunt-api&utm_medium=api-v2&utm_source=Application%3A+sokkertest+%28ID%3A+209846%29
2025-07-19,Barrier,Stop doomscrolling by blocking your addictive apps!,409,https://www.producthunt.com/products/barrier-social-lock?utm_campaign=producthunt-api&utm_medium=api-v2&utm_source=Application%3A+sokkertest+%28ID%3A+209846%29
2025-07-19,The HTML Maze,Find the exit. If it lets you.,305,https://www.producthunt.com/products/the-html-maze?utm_campaign=producthunt-api&utm_medium=api-v2&utm_source=Application%3A+sokkertest+%28ID%3A+209846%29
2025-07-19,ATSResumeGenerator,"No fluff, no fancy designs, just ATS-friendly resumes",243,https://www.producthunt.com/products/atsresumegenerator?utm_campaign=producthunt-api&utm_medium=api-v2&utm_source=Application%3A+sokkertest+%28ID%3A+209846%29
2025-07-19,Smart Albums AI by Waldo Photos,Turn moments into shareable albums with a tap of a button!,195,https://www.producthunt.com/products/smart-albums-ai-by-waldo-photos?utm_campaign=producthunt-api&utm_medium=api-v2&utm_source=Application%3A+sokkertest+%28ID%3A+209846%29
2025-07-19,Scrapeless‚ÄìMake.com Integrations,"No-code automation, powered by Scrapeless",146,https://www.producthunt.com/products/scrapeless?utm_campaign=producthunt-api&utm_medium=api-v2&utm_source=Application%3A+sokkertest+%28ID%3A+209846%29
2025-07-19,Lexi AI,"Create, launch and optimize Meta ads with AI",124,https://www.producthunt.com/products/lexi-ai-2?utm_campaign=producthunt-api&utm_medium=api-v2&utm_source=Application%3A+sokkertest+%28ID%3A+209846%29
2025-07-19,Blogi AI blog writer,Automate your blog marketing with AI,73,https://www.producthunt.com/products/blogi-ai-blog-writer?utm_campaign=producthunt-api&utm_medium=api-v2&utm_source=Application%3A+sokkertest+%28ID%3A+209846%29
2025-07-19,Aioly app ,"Food, Short Videos and AI - AI powered food social ",53,https://www.producthunt.com/products/aioly-app?utm_campaign=producthunt-api&utm_medium=api-v2&utm_source=Application%3A+sokkertest+%28ID%3A+209846%29
2025-07-19,SaaS Pricing Pages Designs,341+ pricing page ideas to help you design your own,37,https://www.producthunt.com/products/draftss?utm_campaign=producthunt-api&utm_medium=api-v2&utm_source=Application%3A+sokkertest+%28ID%3A+209846%29
2025-07-19,Swype.fun | DeFi-Native Credit Cards,Use your crypto without selling. ,36,https://www.producthunt.com/products/swype-fun-defi-native-credit-cards?utm_campaign=producthunt-api&utm_medium=api-v2&utm_source=Application%3A+sokkertest+%28ID%3A+209846%29
2025-07-18,ChatGPT agent,Bridging research and action,535,https://www.producthunt.com/products/chatgpt?utm_campaign=producthunt-api&utm_medium=api-v2&utm_source=Application%3A+sokkertest+%28ID%3A+209846%29
2025-07-18,Bestever,Analyze ad data; automate winning creatives,363,https://www.producthunt.com/products/bestever?utm_campaign=producthunt-api&utm_medium=api-v2&utm_source=Application%3A+sokkertest+%28ID%3A+209846%29
2025-07-18,Suno v4.5+,New ways to create,309,https://www.producthunt.com/products/suno?utm_campaign=producthunt-api&utm_medium=api-v2&utm_source=Application%3A+sokkertest+%28ID%3A+209846%29
2025-07-18,NeetoCal V2,Schedule and manage meeting effortlessly,306,https://www.producthunt.com/products/neetocal?utm_campaign=producthunt-api&utm_medium=api-v2&utm_source=Application%3A+sokkertest+%28ID%3A+209846%29
2025-07-18,Deep Research and Imagen in Le Chat,Le Chat dives deep (and fun!),218,https://www.producthunt.com/products/mistral-7b?utm_campaign=producthunt-api&utm_medium=api-v2&utm_source=Application%3A+sokkertest+%28ID%3A+209846%29
2025-07-18,Higgsfield UGC Builder,Total scene control in a single interface,145,https://www.producthunt.com/products/higgsfield?utm_campaign=producthunt-api&utm_medium=api-v2&utm_source=Application%3A+sokkertest+%28ID%3A+209846%29
2025-07-18,mention.click,"Ideate, validate and find leads through Reddit conversations",133,https://www.producthunt.com/products/mention-click?utm_campaign=producthunt-api&utm_medium=api-v2&utm_source=Application%3A+sokkertest+%28ID%3A+209846%29
2025-07-18,Growdoro,Gamified focus timer where you grow an infinite garden,131,https://www.producthunt.com/products/growdoro?utm_campaign=producthunt-api&utm_medium=api-v2&utm_source=Application%3A+sokkertest+%28ID%3A+209846%29
2025-07-18,Trumpet,Alerts when Trump moves the market,122,https://www.producthunt.com/products/trumpet-exploit-the-trump-edge?utm_campaign=producthunt-api&utm_medium=api-v2&utm_source=Application%3A+sokkertest+%28ID%3A+209846%29
2025-07-18,Banter Messenger ,"If you care, you banter ",95,https://www.producthunt.com/products/banter-messenger?utm_campaign=producthunt-api&utm_medium=api-v2&utm_source=Application%3A+sokkertest+%28ID%3A+209846%29
2025-07-17,Untitled UI React,"Open-source React components. Just copy, paste, and build.",665,https://www.producthunt.com/products/untitled-ui?utm_campaign=producthunt-api&utm_medium=api-v2&utm_source=Application%3A+sokkertest+%28ID%3A+209846%29
2025-07-17,Runway,Applicant ranking tool that adapts to YOUR hiring priorities,514,https://www.producthunt.com/products/runway-ai-applicant-ranking-tool?utm_campaign=producthunt-api&utm_medium=api-v2&utm_source=Application%3A+sokkertest+%28ID%3A+209846%29
2025-07-17,Maestro Studio Desktop Beta,Run mobile & web tests in minutes with a desktop app,504,https://www.producthunt.com/products/maestro-studio-beta?utm_campaign=producthunt-api&utm_medium=api-v2&utm_source=Application%3A+sokkertest+%28ID%3A+209846%29
2025-07-17,Snack it,Build‚ÄØAI moodboards from anything you see online üç´,371,https://www.producthunt.com/products/snack-prompt?utm_campaign=producthunt-api&utm_medium=api-v2&utm_source=Application%3A+sokkertest+%28ID%3A+209846%29
2025-07-17,Beeper,All your chats in one app,301,https://www.producthunt.com/products/beeper-2?utm_campaign=producthunt-api&utm_medium=api-v2&utm_source=Application%3A+sokkertest+%28ID%3A+209846%29
2025-07-17,Kawara 2.0,"Send newsletters consistently, zero writer‚Äôs block",220,https://www.producthunt.com/products/kawara?utm_campaign=producthunt-api&utm_medium=api-v2&utm_source=Application%3A+sokkertest+%28ID%3A+209846%29
2025-07-17,Symvol,Turn any tech doc into a video explainer to vibelearn,178,https://www.producthunt.com/products/symvol?utm_campaign=producthunt-api&utm_medium=api-v2&utm_source=Application%3A+sokkertest+%28ID%3A+209846%29
2025-07-17,NotebookLM Featured Notebooks,Explore topics with expert-driven sources,152,https://www.producthunt.com/products/google-notebooklm-plus?utm_campaign=producthunt-api&utm_medium=api-v2&utm_source=Application%3A+sokkertest+%28ID%3A+209846%29
2025-07-17,UTCP,"The open, direct alternative to MCP for tool calling",148,https://www.producthunt.com/products/utcp?utm_campaign=producthunt-api&utm_medium=api-v2&utm_source=Application%3A+sokkertest+%28ID%3A+209846%29
2025-07-17,ADK-TS,"Build smart, tool-using agents in just one line",126,https://www.producthunt.com/products/adk-ts-build-ai-agents-in-one-line?utm_campaign=producthunt-api&utm_medium=api-v2&utm_source=Application%3A+sokkertest+%28ID%3A+209846%29
2025-07-16,Brain MAX by ClickUp,One AI app to rule them all: Your knowledge + Talk to Text ,1088,https://www.producthunt.com/products/brain-max-by-clickup?utm_campaign=producthunt-api&utm_medium=api-v2&utm_source=Application%3A+sokkertest+%28ID%3A+209846%29
2025-07-16,Mozart AI,Cursor for music production,690,https://www.producthunt.com/products/mozart-ai?utm_campaign=producthunt-api&utm_medium=api-v2&utm_source=Application%3A+sokkertest+%28ID%3A+209846%29
2025-07-16,Jokr.bar,A well-timed joke to stop your visitors from bouncing.,450,https://www.producthunt.com/products/jokr-bar?utm_campaign=producthunt-api&utm_medium=api-v2&utm_source=Application%3A+sokkertest+%28ID%3A+209846%29
2025-07-16,Velocity,Prompt Figma prototypes then test with humans,348,https://www.producthunt.com/products/velocity-8?utm_campaign=producthunt-api&utm_medium=api-v2&utm_source=Application%3A+sokkertest+%28ID%3A+209846%29
2025-07-16,Bookva.ai,If Calendly was beautiful as WeTransfer and smart as ChatGPT,267,https://www.producthunt.com/products/bookva-ai?utm_campaign=producthunt-api&utm_medium=api-v2&utm_source=Application%3A+sokkertest+%28ID%3A+209846%29
2025-07-16,Mitte 1.0,AI creative suite. Built for precision.,267,https://www.producthunt.com/products/mitte-1-0?utm_campaign=producthunt-api&utm_medium=api-v2&utm_source=Application%3A+sokkertest+%28ID%3A+209846%29
2025-07-16,Faces,"Instant sites for decks, docs, landings and more",220,https://www.producthunt.com/products/faces-4?utm_campaign=producthunt-api&utm_medium=api-v2&utm_source=Application%3A+sokkertest+%28ID%3A+209846%29
2025-07-16,Gleam,The Duolingo for social skills,213,https://www.producthunt.com/products/gleam-2?utm_campaign=producthunt-api&utm_medium=api-v2&utm_source=Application%3A+sokkertest+%28ID%3A+209846%29
2025-07-16,Pagy 2.0,"Build a website in minutes, for free, and on your own domain",201,https://www.producthunt.com/products/pagy-1-0?utm_campaign=producthunt-api&utm_medium=api-v2&utm_source=Application%3A+sokkertest+%28ID%3A+209846%29
2025-07-16,Blink,Build any app in seconds with AI,186,https://www.producthunt.com/products/blink-21?utm_campaign=producthunt-api&utm_medium=api-v2&utm_source=Application%3A+sokkertest+%28ID%3A+209846%29
2025-07-15,TestSprite 2.0,Let your AI code ‚Äî we‚Äôll make it work.,811,https://www.producthunt.com/products/testsprite?utm_campaign=producthunt-api&utm_medium=api-v2&utm_source=Application%3A+sokkertest+%28ID%3A+209846%29
2025-07-15,MCP for Google Sheets,Connect direct to Salesforce & HubSpot with native formulas,631,https://www.producthunt.com/products/coefficient?utm_campaign=producthunt-api&utm_medium=api-v2&utm_source=Application%3A+sokkertest+%28ID%3A+209846%29
2025-07-15,Finlens,AI accounting for founders & accountants,611,https://www.producthunt.com/products/finlens?utm_campaign=producthunt-api&utm_medium=api-v2&utm_source=Application%3A+sokkertest+%28ID%3A+209846%29
2025-07-15,PPT.AI,"Imagine Cursor, but for PowerPoint presentations",372,https://www.producthunt.com/products/ppt-ai?utm_campaign=producthunt-api&utm_medium=api-v2&utm_source=Application%3A+sokkertest+%28ID%3A+209846%29
2025-07-15,AI Voice Agent SDK,The open-source framework for real-time AI voice,359,https://www.producthunt.com/products/video-sdk?utm_campaign=producthunt-api&utm_medium=api-v2&utm_source=Application%3A+sokkertest+%28ID%3A+209846%29
2025-07-15,Anvil,Monitor and optimize brand presence across AI platforms,265,https://www.producthunt.com/products/anvil-3?utm_campaign=producthunt-api&utm_medium=api-v2&utm_source=Application%3A+sokkertest+%28ID%3A+209846%29
2025-07-15,Machined V3,Publish 30 interlinked articles in 30 minutes,249,https://www.producthunt.com/products/machined?utm_campaign=producthunt-api&utm_medium=api-v2&utm_source=Application%3A+sokkertest+%28ID%3A+209846%29
2025-07-15,ELMA - Ultimate Email Agent,Craft hundreds of personalized emails in seconds,237,https://www.producthunt.com/products/elma?utm_campaign=producthunt-api&utm_medium=api-v2&utm_source=Application%3A+sokkertest+%28ID%3A+209846%29
2025-07-15,Directory by Claude,Discover & add Claude skills easily with one-click access,231,https://www.producthunt.com/products/claude?utm_campaign=producthunt-api&utm_medium=api-v2&utm_source=Application%3A+sokkertest+%28ID%3A+209846%29
2025-07-15,Soshi,Your AI social media manager for X,229,https://www.producthunt.com/products/soshi-v0?utm_campaign=producthunt-api&utm_medium=api-v2&utm_source=Application%3A+sokkertest+%28ID%3A+209846%29
2025-07-14,OpenArt One-Click Video Story,Turn anything into ready-to-post videos with one click,900,https://www.producthunt.com/products/openart?utm_campaign=producthunt-api&utm_medium=api-v2&utm_source=Application%3A+sokkertest+%28ID%3A+209846%29
2025-07-14,Dualite Alpha,Local-first AI builder for mobile and web apps,785,https://www.producthunt.com/products/dualite-2?utm_campaign=producthunt-api&utm_medium=api-v2&utm_source=Application%3A+sokkertest+%28ID%3A+209846%29
2025-07-14,Internship,Find tech internships in your favorite startups!,363,https://www.producthunt.com/products/internship?utm_campaign=producthunt-api&utm_medium=api-v2&utm_source=Application%3A+sokkertest+%28ID%3A+209846%29
2025-07-14,Gizmo,"Make, share, swipe",342,https://www.producthunt.com/products/gizmo-4?utm_campaign=producthunt-api&utm_medium=api-v2&utm_source=Application%3A+sokkertest+%28ID%3A+209846%29
2025-07-14,Golova,Cloud software for rental businesses,191,https://www.producthunt.com/products/golova?utm_campaign=producthunt-api&utm_medium=api-v2&utm_source=Application%3A+sokkertest+%28ID%3A+209846%29
2025-07-14,Vogent Voicelab,Ultra-realistic text-to-speech,144,https://www.producthunt.com/products/vogent-voicelab?utm_campaign=producthunt-api&utm_medium=api-v2&utm_source=Application%3A+sokkertest+%28ID%3A+209846%29
2025-07-14,StreakBoost,Build better habits & transform your life for free,137,https://www.producthunt.com/products/streakboost?utm_campaign=producthunt-api&utm_medium=api-v2&utm_source=Application%3A+sokkertest+%28ID%3A+209846%29
2025-07-14,ai_licia For TikTok Live,Empowering communities,108,https://www.producthunt.com/products/ai_licia?utm_campaign=producthunt-api&utm_medium=api-v2&utm_source=Application%3A+sokkertest+%28ID%3A+209846%29
2025-07-14,Pepsales AI, Reduce your sales cycle and crush your quota,104,https://www.producthunt.com/products/pepsales-ai-2?utm_campaign=producthunt-api&utm_medium=api-v2&utm_source=Application%3A+sokkertest+%28ID%3A+209846%29
2025-07-14,StarDots,Your All-in-One Image Hosting and Transformation Powerhouse,102,https://www.producthunt.com/products/stardots-4?utm_campaign=producthunt-api&utm_medium=api-v2&utm_source=Application%3A+sokkertest+%28ID%3A+209846%29
2025-07-13,Mockin,Job interview simulator for UX/UI & product designers,496,https://www.producthunt.com/products/mockin-for-product-designers?utm_campaign=producthunt-api&utm_medium=api-v2&utm_source=Application%3A+sokkertest+%28ID%3A+209846%29
2025-07-13,LLM SEO Trends,Monitor 2200+ live trends with real search volumes,437,https://www.producthunt.com/products/llm-seo-trends?utm_campaign=producthunt-api&utm_medium=api-v2&utm_source=Application%3A+sokkertest+%28ID%3A+209846%29
2025-07-13,Kimi K2,The 1T parameter open model for agentic intelligence,400,https://www.producthunt.com/products/kimi-k2-2?utm_campaign=producthunt-api&utm_medium=api-v2&utm_source=Application%3A+sokkertest+%28ID%3A+209846%29
2025-07-13,Planori,a simple planner where you can create & share plans with AI,302,https://www.producthunt.com/products/planori?utm_campaign=producthunt-api&utm_medium=api-v2&utm_source=Application%3A+sokkertest+%28ID%3A+209846%29
2025-07-13,Auralix,"Your notes, explained out loud by a live AI tutor",227,https://www.producthunt.com/products/auralix?utm_campaign=producthunt-api&utm_medium=api-v2&utm_source=Application%3A+sokkertest+%28ID%3A+209846%29
2025-07-13,FocusFrame,A visual timer that turns your effort into a work of art,153,https://www.producthunt.com/products/focusframe?utm_campaign=producthunt-api&utm_medium=api-v2&utm_source=Application%3A+sokkertest+%28ID%3A+209846%29
2025-07-13,Quoai,The AI co-pilot for tech scoping & budgeting.,142,https://www.producthunt.com/products/quoai?utm_campaign=producthunt-api&utm_medium=api-v2&utm_source=Application%3A+sokkertest+%28ID%3A+209846%29
2025-07-13,Sapio Agents,Diagonal Agentic AI Co-employees for your Data.,69,https://www.producthunt.com/products/sapio-agents?utm_campaign=producthunt-api&utm_medium=api-v2&utm_source=Application%3A+sokkertest+%28ID%3A+209846%29
2025-07-13,Brandthetics,Turn talking videos into viral cinematic short-form content,53,https://www.producthunt.com/products/brandthetics?utm_campaign=producthunt-api&utm_medium=api-v2&utm_source=Application%3A+sokkertest+%28ID%3A+209846%29
2025-07-13,DummyForms,Create beautiful forms in seconds,18,https://www.producthunt.com/products/dummyforms?utm_campaign=producthunt-api&utm_medium=api-v2&utm_source=Application%3A+sokkertest+%28ID%3A+209846%29
2025-07-12,Speech in Flow,Bring your images to life with speech,424,https://www.producthunt.com/products/google-labs?utm_campaign=producthunt-api&utm_medium=api-v2&utm_source=Application%3A+sokkertest+%28ID%3A+209846%29
2025-07-12,Essays by Paul Graham GPT,A tool for thinking ‚Äî unrestrictive and full of surprises.,402,https://www.producthunt.com/products/essays-by-paul-graham-gpt?utm_campaign=producthunt-api&utm_medium=api-v2&utm_source=Application%3A+sokkertest+%28ID%3A+209846%29
2025-07-12,Iconed,Create icons for apps and folders ‚Äî fast and beautifully.,320,https://www.producthunt.com/products/iconed?utm_campaign=producthunt-api&utm_medium=api-v2&utm_source=Application%3A+sokkertest+%28ID%3A+209846%29
2025-07-12,Qwen Chat for Desktop,Qwen Chat are now available for macOS,273,https://www.producthunt.com/products/qwq-max?utm_campaign=producthunt-api&utm_medium=api-v2&utm_source=Application%3A+sokkertest+%28ID%3A+209846%29
2025-07-12,Quit Confirmer for Safari,Prevent accidental Safari quit,192,https://www.producthunt.com/products/quit-confirmer-for-safari?utm_campaign=producthunt-api&utm_medium=api-v2&utm_source=Application%3A+sokkertest+%28ID%3A+209846%29
2025-07-12,Pominis,Turn any story into a visual‚Äënovel game in minutes,48,https://www.producthunt.com/products/pominis?utm_campaign=producthunt-api&utm_medium=api-v2&utm_source=Application%3A+sokkertest+%28ID%3A+209846%29
2025-07-12,Videnly,Create and publish viral AI videos in minutes,43,https://www.producthunt.com/products/videnly?utm_campaign=producthunt-api&utm_medium=api-v2&utm_source=Application%3A+sokkertest+%28ID%3A+209846%29
2025-07-12,Remeet.io,Love meetings again. AI-powered meeting & collabration tool,29,https://www.producthunt.com/products/remeet-io?utm_campaign=producthunt-api&utm_medium=api-v2&utm_source=Application%3A+sokkertest+%28ID%3A+209846%29
2025-07-12,Escape the AI loop - Build better,Become an AI Developer in a few weeks,22,https://www.producthunt.com/products/speed-build-marketplace-ai-course?utm_campaign=producthunt-api&utm_medium=api-v2&utm_source=Application%3A+sokkertest+%28ID%3A+209846%29
2025-07-12,Promer AI: Ad Creative Studio,Create ad visuals like Top Brand. No designer needed.,22,https://www.producthunt.com/products/promer-ai-ad-creative-studio?utm_campaign=producthunt-api&utm_medium=api-v2&utm_source=Application%3A+sokkertest+%28ID%3A+209846%29
2025-07-11,Intervo,The open-source platform for conversational AI,545,https://www.producthunt.com/products/intervo?utm_campaign=producthunt-api&utm_medium=api-v2&utm_source=Application%3A+sokkertest+%28ID%3A+209846%29
2025-07-11,opencode,"Your terminal's AI agent, with any model you want",464,https://www.producthunt.com/products/opencode?utm_campaign=producthunt-api&utm_medium=api-v2&utm_source=Application%3A+sokkertest+%28ID%3A+209846%29
2025-07-11,YoinkUI,Copy any webpage's UI with 1 click,410,https://www.producthunt.com/products/yoinkui?utm_campaign=producthunt-api&utm_medium=api-v2&utm_source=Application%3A+sokkertest+%28ID%3A+209846%29
2025-07-11,Sublime,AI journal that turns your thoughts into real-world actions,250,https://www.producthunt.com/products/sublime-2?utm_campaign=producthunt-api&utm_medium=api-v2&utm_source=Application%3A+sokkertest+%28ID%3A+209846%29
2025-07-11,Permut,AI Agents for customer listening and feedback collection,213,https://www.producthunt.com/products/permut?utm_campaign=producthunt-api&utm_medium=api-v2&utm_source=Application%3A+sokkertest+%28ID%3A+209846%29
2025-07-11,ZeroEntropy (YC W25),The engine for human-level search,195,https://www.producthunt.com/products/zeroentropy?utm_campaign=producthunt-api&utm_medium=api-v2&utm_source=Application%3A+sokkertest+%28ID%3A+209846%29
2025-07-11,Tipsy Chat,"Story creation meets real-time visuals, powered by AI Agent",168,https://www.producthunt.com/products/tipsy-chat-your-ai-tavern?utm_campaign=producthunt-api&utm_medium=api-v2&utm_source=Application%3A+sokkertest+%28ID%3A+209846%29
2025-07-11,Midway@,Meet in the middle with ease,147,https://www.producthunt.com/products/midway-find-a-perfect-halfway-to-meet?utm_campaign=producthunt-api&utm_medium=api-v2&utm_source=Application%3A+sokkertest+%28ID%3A+209846%29
2025-07-11,Todo2,AI project manager for Cursor,144,https://www.producthunt.com/products/todo2-ai-project-manager-for-cursor?utm_campaign=producthunt-api&utm_medium=api-v2&utm_source=Application%3A+sokkertest+%28ID%3A+209846%29
2025-07-11,Gemini in Wear OS,Gemini is now on your wrist,143,https://www.producthunt.com/products/google?utm_campaign=producthunt-api&utm_medium=api-v2&utm_source=Application%3A+sokkertest+%28ID%3A+209846%29
2025-07-10,HelloCV AI,Notion style CV/Resume site with AI on a FREE .cv domain,531,https://www.producthunt.com/products/hellocv-ai-2?utm_campaign=producthunt-api&utm_medium=api-v2&utm_source=Application%3A+sokkertest+%28ID%3A+209846%29
2025-07-10,Grok 4,"World's most powerful Al model (still, according to Elon)",459,https://www.producthunt.com/products/grok-3?utm_campaign=producthunt-api&utm_medium=api-v2&utm_source=Application%3A+sokkertest+%28ID%3A+209846%29
2025-07-10,Wibe for creators,Beautiful community platform your audience actually loves,456,https://www.producthunt.com/products/wibe-for-creators?utm_campaign=producthunt-api&utm_medium=api-v2&utm_source=Application%3A+sokkertest+%28ID%3A+209846%29
2025-07-10,Naya,Your entire creative journey in one beautiful digital studio,336,https://www.producthunt.com/products/naya-2?utm_campaign=producthunt-api&utm_medium=api-v2&utm_source=Application%3A+sokkertest+%28ID%3A+209846%29
2025-07-10,HeronAI,"Connect, visualize, and, ask your business data anything.",296,https://www.producthunt.com/products/heronai?utm_campaign=producthunt-api&utm_medium=api-v2&utm_source=Application%3A+sokkertest+%28ID%3A+209846%29
2025-07-10,Pixelesq,Cursor for websites: AI-native no-code website builder,198,https://www.producthunt.com/products/pixelesq?utm_campaign=producthunt-api&utm_medium=api-v2&utm_source=Application%3A+sokkertest+%28ID%3A+209846%29
2025-07-10,Reachy Mini,A new open-source robot for your desk,179,https://www.producthunt.com/products/hugging-face?utm_campaign=producthunt-api&utm_medium=api-v2&utm_source=Application%3A+sokkertest+%28ID%3A+209846%29
2025-07-10,Pagey,"Create portfolio in minutes, not hours",177,https://www.producthunt.com/products/pagey?utm_campaign=producthunt-api&utm_medium=api-v2&utm_source=Application%3A+sokkertest+%28ID%3A+209846%29
2025-07-10,Uplodio,AI influencer manager to scale your creator marketing,159,https://www.producthunt.com/products/uplodio?utm_campaign=producthunt-api&utm_medium=api-v2&utm_source=Application%3A+sokkertest+%28ID%3A+209846%29
2025-07-10,Builduo,Build SaaS backends with AI and deploy in minutes,157,https://www.producthunt.com/products/builduo?utm_campaign=producthunt-api&utm_medium=api-v2&utm_source=Application%3A+sokkertest+%28ID%3A+209846%29
