date,product_name,upvotes,url
2025-07-29,PodClips,178,https://www.producthunt.com/products/fluent-frame?utm_campaign=producthunt-api&utm_medium=api-v2&utm_source=Application%3A+sokkertest+%28ID%3A+209846%29
2025-07-29,RunLLM: The AI Support Engineer ,142,https://www.producthunt.com/products/runllm-the-ai-support-engineer?utm_campaign=producthunt-api&utm_medium=api-v2&utm_source=Application%3A+sokkertest+%28ID%3A+209846%29
2025-07-29,Jotform Gmail Agent,132,https://www.producthunt.com/products/jotform?utm_campaign=producthunt-api&utm_medium=api-v2&utm_source=Application%3A+sokkertest+%28ID%3A+209846%29
2025-07-29,SideNotes,129,https://www.producthunt.com/products/sidenotes-3?utm_campaign=producthunt-api&utm_medium=api-v2&utm_source=Application%3A+sokkertest+%28ID%3A+209846%29
2025-07-29,Wan 2.2,121,https://www.producthunt.com/products/wan-2-2?utm_campaign=producthunt-api&utm_medium=api-v2&utm_source=Application%3A+sokkertest+%28ID%3A+209846%29
2025-07-29,Notion-style editor for Tiptap Cloud,120,https://www.producthunt.com/products/tiptap?utm_campaign=producthunt-api&utm_medium=api-v2&utm_source=Application%3A+sokkertest+%28ID%3A+209846%29
2025-07-29,Magic Patterns,119,https://www.producthunt.com/products/magicpatterns?utm_campaign=producthunt-api&utm_medium=api-v2&utm_source=Application%3A+sokkertest+%28ID%3A+209846%29
2025-07-29,Edge Copilot Mode,110,https://www.producthunt.com/products/edge-copilot-mode-i?utm_campaign=producthunt-api&utm_medium=api-v2&utm_source=Application%3A+sokkertest+%28ID%3A+209846%29
2025-07-29,sndmyself,103,https://www.producthunt.com/products/sndmyself?utm_campaign=producthunt-api&utm_medium=api-v2&utm_source=Application%3A+sokkertest+%28ID%3A+209846%29
2025-07-29,Lumo by Proton,100,https://www.producthunt.com/products/proton-2?utm_campaign=producthunt-api&utm_medium=api-v2&utm_source=Application%3A+sokkertest+%28ID%3A+209846%29
2025-07-28,CopyCat,529,https://www.producthunt.com/products/copycat-5?utm_campaign=producthunt-api&utm_medium=api-v2&utm_source=Application%3A+sokkertest+%28ID%3A+209846%29
2025-07-28,Doco,412,https://www.producthunt.com/products/doco-2?utm_campaign=producthunt-api&utm_medium=api-v2&utm_source=Application%3A+sokkertest+%28ID%3A+209846%29
2025-07-28,Nitrode ,343,https://www.producthunt.com/products/nitrode-ai-game-engine?utm_campaign=producthunt-api&utm_medium=api-v2&utm_source=Application%3A+sokkertest+%28ID%3A+209846%29
2025-07-28,Unitree R1,268,https://www.producthunt.com/products/unitree-g1?utm_campaign=producthunt-api&utm_medium=api-v2&utm_source=Application%3A+sokkertest+%28ID%3A+209846%29
2025-07-28,Ahey,192,https://www.producthunt.com/products/ahey-2?utm_campaign=producthunt-api&utm_medium=api-v2&utm_source=Application%3A+sokkertest+%28ID%3A+209846%29
2025-07-28,Chive,148,https://www.producthunt.com/products/chive?utm_campaign=producthunt-api&utm_medium=api-v2&utm_source=Application%3A+sokkertest+%28ID%3A+209846%29
2025-07-28,Singify AI Vocal Remover,147,https://www.producthunt.com/products/singify-ai-vocal-remover?utm_campaign=producthunt-api&utm_medium=api-v2&utm_source=Application%3A+sokkertest+%28ID%3A+209846%29
2025-07-28,Guidey,137,https://www.producthunt.com/products/guidey?utm_campaign=producthunt-api&utm_medium=api-v2&utm_source=Application%3A+sokkertest+%28ID%3A+209846%29
2025-07-28,Aeneas,126,https://www.producthunt.com/products/aeneas?utm_campaign=producthunt-api&utm_medium=api-v2&utm_source=Application%3A+sokkertest+%28ID%3A+209846%29
2025-07-28,Web ,122,https://www.producthunt.com/products/web-macos-ai-browser-free?utm_campaign=producthunt-api&utm_medium=api-v2&utm_source=Application%3A+sokkertest+%28ID%3A+209846%29
2025-07-27,HuHu AI Agent for E-Commerce,581,https://www.producthunt.com/products/huhu-ai?utm_campaign=producthunt-api&utm_medium=api-v2&utm_source=Application%3A+sokkertest+%28ID%3A+209846%29
2025-07-27,findable.,556,https://www.producthunt.com/products/findable-3?utm_campaign=producthunt-api&utm_medium=api-v2&utm_source=Application%3A+sokkertest+%28ID%3A+209846%29
2025-07-27,AI Phone Screener by Hyring,465,https://www.producthunt.com/products/ai-interviewer-by-hyring?utm_campaign=producthunt-api&utm_medium=api-v2&utm_source=Application%3A+sokkertest+%28ID%3A+209846%29
2025-07-27,One Dollar Resume Review,247,https://www.producthunt.com/products/one-dollar-resume-review?utm_campaign=producthunt-api&utm_medium=api-v2&utm_source=Application%3A+sokkertest+%28ID%3A+209846%29
2025-07-27,BugPic,217,https://www.producthunt.com/products/bugpic-insect-identifier?utm_campaign=producthunt-api&utm_medium=api-v2&utm_source=Application%3A+sokkertest+%28ID%3A+209846%29
2025-07-27,Bilbo,164,https://www.producthunt.com/products/bilbo?utm_campaign=producthunt-api&utm_medium=api-v2&utm_source=Application%3A+sokkertest+%28ID%3A+209846%29
2025-07-27,Google Search Web Guide,154,https://www.producthunt.com/products/google-labs?utm_campaign=producthunt-api&utm_medium=api-v2&utm_source=Application%3A+sokkertest+%28ID%3A+209846%29
2025-07-27,Big Weather,149,https://www.producthunt.com/products/big-weather-2?utm_campaign=producthunt-api&utm_medium=api-v2&utm_source=Application%3A+sokkertest+%28ID%3A+209846%29
2025-07-27,HunyuanWorld 1.0,140,https://www.producthunt.com/products/hunyuanworld-1-0?utm_campaign=producthunt-api&utm_medium=api-v2&utm_source=Application%3A+sokkertest+%28ID%3A+209846%29
2025-07-27,Annot8,121,https://www.producthunt.com/products/annot8-object-detection-image-labeling?utm_campaign=producthunt-api&utm_medium=api-v2&utm_source=Application%3A+sokkertest+%28ID%3A+209846%29
2025-07-26, Runway Aleph,326,https://www.producthunt.com/products/runwayml?utm_campaign=producthunt-api&utm_medium=api-v2&utm_source=Application%3A+sokkertest+%28ID%3A+209846%29
2025-07-26,Quicko Pro,321,https://www.producthunt.com/products/quicko-pro?utm_campaign=producthunt-api&utm_medium=api-v2&utm_source=Application%3A+sokkertest+%28ID%3A+209846%29
2025-07-26,Ship Happens,279,https://www.producthunt.com/products/ship-happens-automate-asc-localization?utm_campaign=producthunt-api&utm_medium=api-v2&utm_source=Application%3A+sokkertest+%28ID%3A+209846%29
2025-07-26,Qwen3-235B-A22B-Thinking-2507,250,https://www.producthunt.com/products/qwen3?utm_campaign=producthunt-api&utm_medium=api-v2&utm_source=Application%3A+sokkertest+%28ID%3A+209846%29
2025-07-26,Shuffle CLI ,197,https://www.producthunt.com/products/shuffle?utm_campaign=producthunt-api&utm_medium=api-v2&utm_source=Application%3A+sokkertest+%28ID%3A+209846%29
2025-07-26,Higgsfield Steal,188,https://www.producthunt.com/products/higgsfield?utm_campaign=producthunt-api&utm_medium=api-v2&utm_source=Application%3A+sokkertest+%28ID%3A+209846%29
2025-07-26,The Catipede,142,https://www.producthunt.com/products/the-catipede?utm_campaign=producthunt-api&utm_medium=api-v2&utm_source=Application%3A+sokkertest+%28ID%3A+209846%29
2025-07-26,Tough Tongue AI 3.0,128,https://www.producthunt.com/products/tough-tongue-ai-2?utm_campaign=producthunt-api&utm_medium=api-v2&utm_source=Application%3A+sokkertest+%28ID%3A+209846%29
2025-07-26,LyfeLog,70,https://www.producthunt.com/products/lyfelog?utm_campaign=producthunt-api&utm_medium=api-v2&utm_source=Application%3A+sokkertest+%28ID%3A+209846%29
2025-07-26,JustRef,37,https://www.producthunt.com/products/justref?utm_campaign=producthunt-api&utm_medium=api-v2&utm_source=Application%3A+sokkertest+%28ID%3A+209846%29
2025-07-25,Memories.ai,479,https://www.producthunt.com/products/memories-ai?utm_campaign=producthunt-api&utm_medium=api-v2&utm_source=Application%3A+sokkertest+%28ID%3A+209846%29
2025-07-25,Tender,395,https://www.producthunt.com/products/tender-5?utm_campaign=producthunt-api&utm_medium=api-v2&utm_source=Application%3A+sokkertest+%28ID%3A+209846%29
2025-07-25,Opal,363,https://www.producthunt.com/products/google?utm_campaign=producthunt-api&utm_medium=api-v2&utm_source=Application%3A+sokkertest+%28ID%3A+209846%29
2025-07-25,Golex AI,274,https://www.producthunt.com/products/golex-ai?utm_campaign=producthunt-api&utm_medium=api-v2&utm_source=Application%3A+sokkertest+%28ID%3A+209846%29
2025-07-25,camelAI Embedded,186,https://www.producthunt.com/products/camelai?utm_campaign=producthunt-api&utm_medium=api-v2&utm_source=Application%3A+sokkertest+%28ID%3A+209846%29
2025-07-25,Frigade AI,174,https://www.producthunt.com/products/frigade?utm_campaign=producthunt-api&utm_medium=api-v2&utm_source=Application%3A+sokkertest+%28ID%3A+209846%29
2025-07-25,Create tab in Google Photos,157,https://www.producthunt.com/products/google?utm_campaign=producthunt-api&utm_medium=api-v2&utm_source=Application%3A+sokkertest+%28ID%3A+209846%29
2025-07-25,Parsagon,133,https://www.producthunt.com/products/parsagon?utm_campaign=producthunt-api&utm_medium=api-v2&utm_source=Application%3A+sokkertest+%28ID%3A+209846%29
2025-07-25,Norton™ Neo,126,https://www.producthunt.com/products/norton-neo?utm_campaign=producthunt-api&utm_medium=api-v2&utm_source=Application%3A+sokkertest+%28ID%3A+209846%29
2025-07-25,Fluensa,116,https://www.producthunt.com/products/fluensa?utm_campaign=producthunt-api&utm_medium=api-v2&utm_source=Application%3A+sokkertest+%28ID%3A+209846%29
2025-07-24,Ash ,901,https://www.producthunt.com/products/ash-2?utm_campaign=producthunt-api&utm_medium=api-v2&utm_source=Application%3A+sokkertest+%28ID%3A+209846%29
2025-07-24,Lovable Agent Mode,443,https://www.producthunt.com/products/lovable?utm_campaign=producthunt-api&utm_medium=api-v2&utm_source=Application%3A+sokkertest+%28ID%3A+209846%29
2025-07-24,Well Embed,433,https://www.producthunt.com/products/well-embed?utm_campaign=producthunt-api&utm_medium=api-v2&utm_source=Application%3A+sokkertest+%28ID%3A+209846%29
2025-07-24,Company Dataset,407,https://www.producthunt.com/products/company-dataset?utm_campaign=producthunt-api&utm_medium=api-v2&utm_source=Application%3A+sokkertest+%28ID%3A+209846%29
2025-07-24,THEO 2.0,283,https://www.producthunt.com/products/theo-your-context-powered-ai?utm_campaign=producthunt-api&utm_medium=api-v2&utm_source=Application%3A+sokkertest+%28ID%3A+209846%29
2025-07-24,ZumiGames,270,https://www.producthunt.com/products/zumigames?utm_campaign=producthunt-api&utm_medium=api-v2&utm_source=Application%3A+sokkertest+%28ID%3A+209846%29
2025-07-24,Mantle Starter,253,https://www.producthunt.com/products/withmantle?utm_campaign=producthunt-api&utm_medium=api-v2&utm_source=Application%3A+sokkertest+%28ID%3A+209846%29
2025-07-24,GitHub Spark,243,https://www.producthunt.com/products/github?utm_campaign=producthunt-api&utm_medium=api-v2&utm_source=Application%3A+sokkertest+%28ID%3A+209846%29
2025-07-24,Microtica AI Incident Investigator,193,https://www.producthunt.com/products/microtica-ai-agents-for-devops?utm_campaign=producthunt-api&utm_medium=api-v2&utm_source=Application%3A+sokkertest+%28ID%3A+209846%29
2025-07-24,DeepDocs,168,https://www.producthunt.com/products/deepdocs?utm_campaign=producthunt-api&utm_medium=api-v2&utm_source=Application%3A+sokkertest+%28ID%3A+209846%29
2025-07-23,Trickle - Magic Canvas ,1081,https://www.producthunt.com/products/trickle-3?utm_campaign=producthunt-api&utm_medium=api-v2&utm_source=Application%3A+sokkertest+%28ID%3A+209846%29
2025-07-23,Clearitty,373,https://www.producthunt.com/products/clearitty?utm_campaign=producthunt-api&utm_medium=api-v2&utm_source=Application%3A+sokkertest+%28ID%3A+209846%29
2025-07-23,commitify.me,330,https://www.producthunt.com/products/commitify-me?utm_campaign=producthunt-api&utm_medium=api-v2&utm_source=Application%3A+sokkertest+%28ID%3A+209846%29
2025-07-23,Qwen3-Coder,265,https://www.producthunt.com/products/qwen3?utm_campaign=producthunt-api&utm_medium=api-v2&utm_source=Application%3A+sokkertest+%28ID%3A+209846%29
2025-07-23,Zams,213,https://www.producthunt.com/products/zams-2?utm_campaign=producthunt-api&utm_medium=api-v2&utm_source=Application%3A+sokkertest+%28ID%3A+209846%29
2025-07-23,SaveIt.now,203,https://www.producthunt.com/products/saveit-now?utm_campaign=producthunt-api&utm_medium=api-v2&utm_source=Application%3A+sokkertest+%28ID%3A+209846%29
2025-07-23,LLMs.txt Generator,173,https://www.producthunt.com/products/llms-txt-generator-3?utm_campaign=producthunt-api&utm_medium=api-v2&utm_source=Application%3A+sokkertest+%28ID%3A+209846%29
2025-07-23,Super for iOS,172,https://www.producthunt.com/products/super-counter-for-ios?utm_campaign=producthunt-api&utm_medium=api-v2&utm_source=Application%3A+sokkertest+%28ID%3A+209846%29
2025-07-23,MinuteText,156,https://www.producthunt.com/products/minutetext?utm_campaign=producthunt-api&utm_medium=api-v2&utm_source=Application%3A+sokkertest+%28ID%3A+209846%29
2025-07-23,TurboStyle,147,https://www.producthunt.com/products/turbostyle?utm_campaign=producthunt-api&utm_medium=api-v2&utm_source=Application%3A+sokkertest+%28ID%3A+209846%29
2025-07-22,YouWare,862,https://www.producthunt.com/products/youware?utm_campaign=producthunt-api&utm_medium=api-v2&utm_source=Application%3A+sokkertest+%28ID%3A+209846%29
2025-07-22,Yapify,623,https://www.producthunt.com/products/yapify?utm_campaign=producthunt-api&utm_medium=api-v2&utm_source=Application%3A+sokkertest+%28ID%3A+209846%29
2025-07-22,Agents Base Phone Agents,304,https://www.producthunt.com/products/agents-base?utm_campaign=producthunt-api&utm_medium=api-v2&utm_source=Application%3A+sokkertest+%28ID%3A+209846%29
2025-07-22,Kanba,268,https://www.producthunt.com/products/kanba?utm_campaign=producthunt-api&utm_medium=api-v2&utm_source=Application%3A+sokkertest+%28ID%3A+209846%29
2025-07-22,Notebook AI,218,https://www.producthunt.com/products/notebook-ai-2?utm_campaign=producthunt-api&utm_medium=api-v2&utm_source=Application%3A+sokkertest+%28ID%3A+209846%29
2025-07-22,AI Shorts,168,https://www.producthunt.com/products/wavel-ai?utm_campaign=producthunt-api&utm_medium=api-v2&utm_source=Application%3A+sokkertest+%28ID%3A+209846%29
2025-07-22,flowy,163,https://www.producthunt.com/products/flowy-3?utm_campaign=producthunt-api&utm_medium=api-v2&utm_source=Application%3A+sokkertest+%28ID%3A+209846%29
2025-07-22,Convo,160,https://www.producthunt.com/products/convo-5?utm_campaign=producthunt-api&utm_medium=api-v2&utm_source=Application%3A+sokkertest+%28ID%3A+209846%29
2025-07-22,N8N2MCP,154,https://www.producthunt.com/products/n8n2mcp-n8n-workflow-into-mcp-servers?utm_campaign=producthunt-api&utm_medium=api-v2&utm_source=Application%3A+sokkertest+%28ID%3A+209846%29
2025-07-22,Polyglotta,139,https://www.producthunt.com/products/polyglotta?utm_campaign=producthunt-api&utm_medium=api-v2&utm_source=Application%3A+sokkertest+%28ID%3A+209846%29
2025-07-21,Jeeva 2.0,788,https://www.producthunt.com/products/jeeva-ai?utm_campaign=producthunt-api&utm_medium=api-v2&utm_source=Application%3A+sokkertest+%28ID%3A+209846%29
2025-07-21,Levio by Jupitrr AI,730,https://www.producthunt.com/products/jupitrr?utm_campaign=producthunt-api&utm_medium=api-v2&utm_source=Application%3A+sokkertest+%28ID%3A+209846%29
2025-07-21,the gist of,460,https://www.producthunt.com/products/the-gist-of?utm_campaign=producthunt-api&utm_medium=api-v2&utm_source=Application%3A+sokkertest+%28ID%3A+209846%29
2025-07-21,Trae 2.0,447,https://www.producthunt.com/products/trae?utm_campaign=producthunt-api&utm_medium=api-v2&utm_source=Application%3A+sokkertest+%28ID%3A+209846%29
2025-07-21,Krepling Pay,329,https://www.producthunt.com/products/krepling?utm_campaign=producthunt-api&utm_medium=api-v2&utm_source=Application%3A+sokkertest+%28ID%3A+209846%29
2025-07-21,sampleapp.ai,257,https://www.producthunt.com/products/sampleapp-ai?utm_campaign=producthunt-api&utm_medium=api-v2&utm_source=Application%3A+sokkertest+%28ID%3A+209846%29
2025-07-21,Stakpak.dev,242,https://www.producthunt.com/products/stakpak-dev?utm_campaign=producthunt-api&utm_medium=api-v2&utm_source=Application%3A+sokkertest+%28ID%3A+209846%29
2025-07-21,Refgrow,186,https://www.producthunt.com/products/refgrow?utm_campaign=producthunt-api&utm_medium=api-v2&utm_source=Application%3A+sokkertest+%28ID%3A+209846%29
2025-07-21,Veo 3 API,175,https://www.producthunt.com/products/google?utm_campaign=producthunt-api&utm_medium=api-v2&utm_source=Application%3A+sokkertest+%28ID%3A+209846%29
2025-07-21,Brainfork,167,https://www.producthunt.com/products/brainfork?utm_campaign=producthunt-api&utm_medium=api-v2&utm_source=Application%3A+sokkertest+%28ID%3A+209846%29
2025-07-20,Checklist Genie,551,https://www.producthunt.com/products/checklist-genie?utm_campaign=producthunt-api&utm_medium=api-v2&utm_source=Application%3A+sokkertest+%28ID%3A+209846%29
2025-07-20,Inbox Zero Tabs,385,https://www.producthunt.com/products/inbox-zero-tabs?utm_campaign=producthunt-api&utm_medium=api-v2&utm_source=Application%3A+sokkertest+%28ID%3A+209846%29
2025-07-20,LLM SEO EEAT,342,https://www.producthunt.com/products/llm-seo-eeat?utm_campaign=producthunt-api&utm_medium=api-v2&utm_source=Application%3A+sokkertest+%28ID%3A+209846%29
2025-07-20,Abode,340,https://www.producthunt.com/products/abode-3?utm_campaign=producthunt-api&utm_medium=api-v2&utm_source=Application%3A+sokkertest+%28ID%3A+209846%29
2025-07-20,MyLens Stock Market,327,https://www.producthunt.com/products/mylens-stock-market?utm_campaign=producthunt-api&utm_medium=api-v2&utm_source=Application%3A+sokkertest+%28ID%3A+209846%29
2025-07-20,Bitchat,285,https://www.producthunt.com/products/bitchat-bluetooth-mesh-chat-by-dorsey?utm_campaign=producthunt-api&utm_medium=api-v2&utm_source=Application%3A+sokkertest+%28ID%3A+209846%29
2025-07-20,VentureStaking® by Doriot®,190,https://www.producthunt.com/products/doriot?utm_campaign=producthunt-api&utm_medium=api-v2&utm_source=Application%3A+sokkertest+%28ID%3A+209846%29
2025-07-20,Buildstash,165,https://www.producthunt.com/products/buildstash?utm_campaign=producthunt-api&utm_medium=api-v2&utm_source=Application%3A+sokkertest+%28ID%3A+209846%29
2025-07-20,Virly,146,https://www.producthunt.com/products/virly?utm_campaign=producthunt-api&utm_medium=api-v2&utm_source=Application%3A+sokkertest+%28ID%3A+209846%29
2025-07-20,3D Bust Maker,135,https://www.producthunt.com/products/3d-bust-maker?utm_campaign=producthunt-api&utm_medium=api-v2&utm_source=Application%3A+sokkertest+%28ID%3A+209846%29
2025-07-19,Barrier,406,https://www.producthunt.com/products/barrier-social-lock?utm_campaign=producthunt-api&utm_medium=api-v2&utm_source=Application%3A+sokkertest+%28ID%3A+209846%29
2025-07-19,The HTML Maze,303,https://www.producthunt.com/products/the-html-maze?utm_campaign=producthunt-api&utm_medium=api-v2&utm_source=Application%3A+sokkertest+%28ID%3A+209846%29
2025-07-19,ATSResumeGenerator,240,https://www.producthunt.com/products/atsresumegenerator?utm_campaign=producthunt-api&utm_medium=api-v2&utm_source=Application%3A+sokkertest+%28ID%3A+209846%29
2025-07-19,Smart Albums AI by Waldo Photos,193,https://www.producthunt.com/products/smart-albums-ai-by-waldo-photos?utm_campaign=producthunt-api&utm_medium=api-v2&utm_source=Application%3A+sokkertest+%28ID%3A+209846%29
2025-07-19,Scrapeless–Make.com Integrations,146,https://www.producthunt.com/products/scrapeless?utm_campaign=producthunt-api&utm_medium=api-v2&utm_source=Application%3A+sokkertest+%28ID%3A+209846%29
2025-07-19,Lexi AI,124,https://www.producthunt.com/products/lexi-ai-2?utm_campaign=producthunt-api&utm_medium=api-v2&utm_source=Application%3A+sokkertest+%28ID%3A+209846%29
2025-07-19,Blogi AI blog writer,72,https://www.producthunt.com/products/blogi-ai-blog-writer?utm_campaign=producthunt-api&utm_medium=api-v2&utm_source=Application%3A+sokkertest+%28ID%3A+209846%29
2025-07-19,Aioly app ,52,https://www.producthunt.com/products/aioly-app?utm_campaign=producthunt-api&utm_medium=api-v2&utm_source=Application%3A+sokkertest+%28ID%3A+209846%29
2025-07-19,SaaS Pricing Pages Designs,37,https://www.producthunt.com/products/draftss?utm_campaign=producthunt-api&utm_medium=api-v2&utm_source=Application%3A+sokkertest+%28ID%3A+209846%29
2025-07-19,Swype.fun | DeFi-Native Credit Cards,36,https://www.producthunt.com/products/swype-fun-defi-native-credit-cards?utm_campaign=producthunt-api&utm_medium=api-v2&utm_source=Application%3A+sokkertest+%28ID%3A+209846%29
2025-07-18,ChatGPT agent,531,https://www.producthunt.com/products/chatgpt?utm_campaign=producthunt-api&utm_medium=api-v2&utm_source=Application%3A+sokkertest+%28ID%3A+209846%29
2025-07-18,Bestever,360,https://www.producthunt.com/products/bestever?utm_campaign=producthunt-api&utm_medium=api-v2&utm_source=Application%3A+sokkertest+%28ID%3A+209846%29
2025-07-18,Suno v4.5+,308,https://www.producthunt.com/products/suno?utm_campaign=producthunt-api&utm_medium=api-v2&utm_source=Application%3A+sokkertest+%28ID%3A+209846%29
2025-07-18,NeetoCal V2,304,https://www.producthunt.com/products/neetocal?utm_campaign=producthunt-api&utm_medium=api-v2&utm_source=Application%3A+sokkertest+%28ID%3A+209846%29
2025-07-18,Deep Research and Imagen in Le Chat,217,https://www.producthunt.com/products/mistral-7b?utm_campaign=producthunt-api&utm_medium=api-v2&utm_source=Application%3A+sokkertest+%28ID%3A+209846%29
2025-07-18,Higgsfield UGC Builder,145,https://www.producthunt.com/products/higgsfield?utm_campaign=producthunt-api&utm_medium=api-v2&utm_source=Application%3A+sokkertest+%28ID%3A+209846%29
2025-07-18,mention.click,132,https://www.producthunt.com/products/mention-click?utm_campaign=producthunt-api&utm_medium=api-v2&utm_source=Application%3A+sokkertest+%28ID%3A+209846%29
2025-07-18,Growdoro,132,https://www.producthunt.com/products/growdoro?utm_campaign=producthunt-api&utm_medium=api-v2&utm_source=Application%3A+sokkertest+%28ID%3A+209846%29
2025-07-18,Trumpet,122,https://www.producthunt.com/products/trumpet-exploit-the-trump-edge?utm_campaign=producthunt-api&utm_medium=api-v2&utm_source=Application%3A+sokkertest+%28ID%3A+209846%29
2025-07-18,Banter Messenger ,95,https://www.producthunt.com/products/banter-messenger?utm_campaign=producthunt-api&utm_medium=api-v2&utm_source=Application%3A+sokkertest+%28ID%3A+209846%29
2025-07-17,Untitled UI React,663,https://www.producthunt.com/products/untitled-ui?utm_campaign=producthunt-api&utm_medium=api-v2&utm_source=Application%3A+sokkertest+%28ID%3A+209846%29
2025-07-17,Runway,512,https://www.producthunt.com/products/runway-ai-applicant-ranking-tool?utm_campaign=producthunt-api&utm_medium=api-v2&utm_source=Application%3A+sokkertest+%28ID%3A+209846%29
2025-07-17,Maestro Studio Desktop Beta,502,https://www.producthunt.com/products/maestro-studio-beta?utm_campaign=producthunt-api&utm_medium=api-v2&utm_source=Application%3A+sokkertest+%28ID%3A+209846%29
2025-07-17,Snack it,369,https://www.producthunt.com/products/snack-prompt?utm_campaign=producthunt-api&utm_medium=api-v2&utm_source=Application%3A+sokkertest+%28ID%3A+209846%29
2025-07-17,Beeper,301,https://www.producthunt.com/products/beeper-2?utm_campaign=producthunt-api&utm_medium=api-v2&utm_source=Application%3A+sokkertest+%28ID%3A+209846%29
2025-07-17,Kawara 2.0,225,https://www.producthunt.com/products/kawara?utm_campaign=producthunt-api&utm_medium=api-v2&utm_source=Application%3A+sokkertest+%28ID%3A+209846%29
2025-07-17,Symvol,179,https://www.producthunt.com/products/symvol?utm_campaign=producthunt-api&utm_medium=api-v2&utm_source=Application%3A+sokkertest+%28ID%3A+209846%29
2025-07-17,NotebookLM Featured Notebooks,153,https://www.producthunt.com/products/google-notebooklm-plus?utm_campaign=producthunt-api&utm_medium=api-v2&utm_source=Application%3A+sokkertest+%28ID%3A+209846%29
2025-07-17,UTCP,148,https://www.producthunt.com/products/utcp?utm_campaign=producthunt-api&utm_medium=api-v2&utm_source=Application%3A+sokkertest+%28ID%3A+209846%29
2025-07-17,ADK-TS,126,https://www.producthunt.com/products/adk-ts-build-ai-agents-in-one-line?utm_campaign=producthunt-api&utm_medium=api-v2&utm_source=Application%3A+sokkertest+%28ID%3A+209846%29
2025-07-16,Brain MAX by ClickUp,1086,https://www.producthunt.com/products/brain-max-by-clickup?utm_campaign=producthunt-api&utm_medium=api-v2&utm_source=Application%3A+sokkertest+%28ID%3A+209846%29
2025-07-16,Mozart AI,688,https://www.producthunt.com/products/mozart-ai?utm_campaign=producthunt-api&utm_medium=api-v2&utm_source=Application%3A+sokkertest+%28ID%3A+209846%29
2025-07-16,Jokr.bar,448,https://www.producthunt.com/products/jokr-bar?utm_campaign=producthunt-api&utm_medium=api-v2&utm_source=Application%3A+sokkertest+%28ID%3A+209846%29
2025-07-16,Velocity,348,https://www.producthunt.com/products/velocity-8?utm_campaign=producthunt-api&utm_medium=api-v2&utm_source=Application%3A+sokkertest+%28ID%3A+209846%29
2025-07-16,Bookva.ai,269,https://www.producthunt.com/products/bookva-ai?utm_campaign=producthunt-api&utm_medium=api-v2&utm_source=Application%3A+sokkertest+%28ID%3A+209846%29
2025-07-16,Mitte 1.0,267,https://www.producthunt.com/products/mitte-1-0?utm_campaign=producthunt-api&utm_medium=api-v2&utm_source=Application%3A+sokkertest+%28ID%3A+209846%29
2025-07-16,Faces,220,https://www.producthunt.com/products/faces-4?utm_campaign=producthunt-api&utm_medium=api-v2&utm_source=Application%3A+sokkertest+%28ID%3A+209846%29
2025-07-16,Gleam,213,https://www.producthunt.com/products/gleam-2?utm_campaign=producthunt-api&utm_medium=api-v2&utm_source=Application%3A+sokkertest+%28ID%3A+209846%29
2025-07-16,Pagy 2.0,201,https://www.producthunt.com/products/pagy-1-0?utm_campaign=producthunt-api&utm_medium=api-v2&utm_source=Application%3A+sokkertest+%28ID%3A+209846%29
2025-07-16,Blink,190,https://www.producthunt.com/products/blink-21?utm_campaign=producthunt-api&utm_medium=api-v2&utm_source=Application%3A+sokkertest+%28ID%3A+209846%29
2025-07-15,TestSprite 2.0,773,https://www.producthunt.com/products/testsprite?utm_campaign=producthunt-api&utm_medium=api-v2&utm_source=Application%3A+sokkertest+%28ID%3A+209846%29
2025-07-15,MCP for Google Sheets,655,https://www.producthunt.com/products/coefficient?utm_campaign=producthunt-api&utm_medium=api-v2&utm_source=Application%3A+sokkertest+%28ID%3A+209846%29
2025-07-15,Finlens,614,https://www.producthunt.com/products/finlens?utm_campaign=producthunt-api&utm_medium=api-v2&utm_source=Application%3A+sokkertest+%28ID%3A+209846%29
2025-07-15,PPT.AI,371,https://www.producthunt.com/products/ppt-ai?utm_campaign=producthunt-api&utm_medium=api-v2&utm_source=Application%3A+sokkertest+%28ID%3A+209846%29
2025-07-15,AI Voice Agent SDK,359,https://www.producthunt.com/products/video-sdk?utm_campaign=producthunt-api&utm_medium=api-v2&utm_source=Application%3A+sokkertest+%28ID%3A+209846%29
2025-07-15,Anvil,267,https://www.producthunt.com/products/anvil-3?utm_campaign=producthunt-api&utm_medium=api-v2&utm_source=Application%3A+sokkertest+%28ID%3A+209846%29
2025-07-15,Machined V3,250,https://www.producthunt.com/products/machined?utm_campaign=producthunt-api&utm_medium=api-v2&utm_source=Application%3A+sokkertest+%28ID%3A+209846%29
2025-07-15,ELMA - Ultimate Email Agent,237,https://www.producthunt.com/products/elma?utm_campaign=producthunt-api&utm_medium=api-v2&utm_source=Application%3A+sokkertest+%28ID%3A+209846%29
2025-07-15,Directory by Claude,231,https://www.producthunt.com/products/claude?utm_campaign=producthunt-api&utm_medium=api-v2&utm_source=Application%3A+sokkertest+%28ID%3A+209846%29
2025-07-15,Soshi,229,https://www.producthunt.com/products/soshi-v0?utm_campaign=producthunt-api&utm_medium=api-v2&utm_source=Application%3A+sokkertest+%28ID%3A+209846%29
2025-07-14,OpenArt One-Click Video Story,902,https://www.producthunt.com/products/openart?utm_campaign=producthunt-api&utm_medium=api-v2&utm_source=Application%3A+sokkertest+%28ID%3A+209846%29
2025-07-14,Dualite Alpha,784,https://www.producthunt.com/products/dualite-2?utm_campaign=producthunt-api&utm_medium=api-v2&utm_source=Application%3A+sokkertest+%28ID%3A+209846%29
2025-07-14,Internship,363,https://www.producthunt.com/products/internship?utm_campaign=producthunt-api&utm_medium=api-v2&utm_source=Application%3A+sokkertest+%28ID%3A+209846%29
2025-07-14,Gizmo,342,https://www.producthunt.com/products/gizmo-4?utm_campaign=producthunt-api&utm_medium=api-v2&utm_source=Application%3A+sokkertest+%28ID%3A+209846%29
2025-07-14,Golova,191,https://www.producthunt.com/products/golova?utm_campaign=producthunt-api&utm_medium=api-v2&utm_source=Application%3A+sokkertest+%28ID%3A+209846%29
2025-07-14,Vogent Voicelab,144,https://www.producthunt.com/products/vogent-voicelab?utm_campaign=producthunt-api&utm_medium=api-v2&utm_source=Application%3A+sokkertest+%28ID%3A+209846%29
2025-07-14,StreakBoost,137,https://www.producthunt.com/products/streakboost?utm_campaign=producthunt-api&utm_medium=api-v2&utm_source=Application%3A+sokkertest+%28ID%3A+209846%29
2025-07-14,ai_licia For TikTok Live,108,https://www.producthunt.com/products/ai_licia?utm_campaign=producthunt-api&utm_medium=api-v2&utm_source=Application%3A+sokkertest+%28ID%3A+209846%29
2025-07-14,Pepsales AI,104,https://www.producthunt.com/products/pepsales-ai-2?utm_campaign=producthunt-api&utm_medium=api-v2&utm_source=Application%3A+sokkertest+%28ID%3A+209846%29
2025-07-14,StarDots,104,https://www.producthunt.com/products/stardots-4?utm_campaign=producthunt-api&utm_medium=api-v2&utm_source=Application%3A+sokkertest+%28ID%3A+209846%29
2025-07-13,Mockin,495,https://www.producthunt.com/products/mockin-for-product-designers?utm_campaign=producthunt-api&utm_medium=api-v2&utm_source=Application%3A+sokkertest+%28ID%3A+209846%29
2025-07-13,LLM SEO Trends,437,https://www.producthunt.com/products/llm-seo-trends?utm_campaign=producthunt-api&utm_medium=api-v2&utm_source=Application%3A+sokkertest+%28ID%3A+209846%29
2025-07-13,Kimi K2,400,https://www.producthunt.com/products/kimi-k2-2?utm_campaign=producthunt-api&utm_medium=api-v2&utm_source=Application%3A+sokkertest+%28ID%3A+209846%29
2025-07-13,Planori,302,https://www.producthunt.com/products/planori?utm_campaign=producthunt-api&utm_medium=api-v2&utm_source=Application%3A+sokkertest+%28ID%3A+209846%29
2025-07-13,Auralix,227,https://www.producthunt.com/products/auralix?utm_campaign=producthunt-api&utm_medium=api-v2&utm_source=Application%3A+sokkertest+%28ID%3A+209846%29
2025-07-13,FocusFrame,155,https://www.producthunt.com/products/focusframe?utm_campaign=producthunt-api&utm_medium=api-v2&utm_source=Application%3A+sokkertest+%28ID%3A+209846%29
2025-07-13,Quoai,144,https://www.producthunt.com/products/quoai?utm_campaign=producthunt-api&utm_medium=api-v2&utm_source=Application%3A+sokkertest+%28ID%3A+209846%29
2025-07-13,Sapio Agents,69,https://www.producthunt.com/products/sapio-agents?utm_campaign=producthunt-api&utm_medium=api-v2&utm_source=Application%3A+sokkertest+%28ID%3A+209846%29
2025-07-13,Brandthetics,52,https://www.producthunt.com/products/brandthetics?utm_campaign=producthunt-api&utm_medium=api-v2&utm_source=Application%3A+sokkertest+%28ID%3A+209846%29
2025-07-13,DummyForms,18,https://www.producthunt.com/products/dummyforms?utm_campaign=producthunt-api&utm_medium=api-v2&utm_source=Application%3A+sokkertest+%28ID%3A+209846%29
2025-07-12,Speech in Flow,425,https://www.producthunt.com/products/google-labs?utm_campaign=producthunt-api&utm_medium=api-v2&utm_source=Application%3A+sokkertest+%28ID%3A+209846%29
2025-07-12,Essays by Paul Graham GPT,402,https://www.producthunt.com/products/essays-by-paul-graham-gpt?utm_campaign=producthunt-api&utm_medium=api-v2&utm_source=Application%3A+sokkertest+%28ID%3A+209846%29
2025-07-12,Iconed,320,https://www.producthunt.com/products/iconed?utm_campaign=producthunt-api&utm_medium=api-v2&utm_source=Application%3A+sokkertest+%28ID%3A+209846%29
2025-07-12,Qwen Chat for Desktop,273,https://www.producthunt.com/products/qwq-max?utm_campaign=producthunt-api&utm_medium=api-v2&utm_source=Application%3A+sokkertest+%28ID%3A+209846%29
2025-07-12,Quit Confirmer for Safari,193,https://www.producthunt.com/products/quit-confirmer-for-safari?utm_campaign=producthunt-api&utm_medium=api-v2&utm_source=Application%3A+sokkertest+%28ID%3A+209846%29
2025-07-12,Pominis,48,https://www.producthunt.com/products/pominis?utm_campaign=producthunt-api&utm_medium=api-v2&utm_source=Application%3A+sokkertest+%28ID%3A+209846%29
2025-07-12,Videnly,44,https://www.producthunt.com/products/videnly?utm_campaign=producthunt-api&utm_medium=api-v2&utm_source=Application%3A+sokkertest+%28ID%3A+209846%29
2025-07-12,Remeet.io,29,https://www.producthunt.com/products/remeet-io?utm_campaign=producthunt-api&utm_medium=api-v2&utm_source=Application%3A+sokkertest+%28ID%3A+209846%29
2025-07-12,Promer AI: Ad Creative Studio,22,https://www.producthunt.com/products/promer-ai-ad-creative-studio?utm_campaign=producthunt-api&utm_medium=api-v2&utm_source=Application%3A+sokkertest+%28ID%3A+209846%29
2025-07-12,Escape the AI loop - Build better,22,https://www.producthunt.com/products/speed-build-marketplace-ai-course?utm_campaign=producthunt-api&utm_medium=api-v2&utm_source=Application%3A+sokkertest+%28ID%3A+209846%29
2025-07-11,Intervo,547,https://www.producthunt.com/products/intervo?utm_campaign=producthunt-api&utm_medium=api-v2&utm_source=Application%3A+sokkertest+%28ID%3A+209846%29
2025-07-11,opencode,465,https://www.producthunt.com/products/opencode?utm_campaign=producthunt-api&utm_medium=api-v2&utm_source=Application%3A+sokkertest+%28ID%3A+209846%29
2025-07-11,YoinkUI,412,https://www.producthunt.com/products/yoinkui?utm_campaign=producthunt-api&utm_medium=api-v2&utm_source=Application%3A+sokkertest+%28ID%3A+209846%29
2025-07-11,Sublime,251,https://www.producthunt.com/products/sublime-2?utm_campaign=producthunt-api&utm_medium=api-v2&utm_source=Application%3A+sokkertest+%28ID%3A+209846%29
2025-07-11,Permut,214,https://www.producthunt.com/products/permut?utm_campaign=producthunt-api&utm_medium=api-v2&utm_source=Application%3A+sokkertest+%28ID%3A+209846%29
2025-07-11,ZeroEntropy (YC W25),195,https://www.producthunt.com/products/zeroentropy?utm_campaign=producthunt-api&utm_medium=api-v2&utm_source=Application%3A+sokkertest+%28ID%3A+209846%29
2025-07-11,Tipsy Chat,168,https://www.producthunt.com/products/tipsy-chat-your-ai-tavern?utm_campaign=producthunt-api&utm_medium=api-v2&utm_source=Application%3A+sokkertest+%28ID%3A+209846%29
2025-07-11,Midway@,147,https://www.producthunt.com/products/midway-find-a-perfect-halfway-to-meet?utm_campaign=producthunt-api&utm_medium=api-v2&utm_source=Application%3A+sokkertest+%28ID%3A+209846%29
2025-07-11,Todo2,144,https://www.producthunt.com/products/todo2-ai-project-manager-for-cursor?utm_campaign=producthunt-api&utm_medium=api-v2&utm_source=Application%3A+sokkertest+%28ID%3A+209846%29
2025-07-11,Gemini in Wear OS,143,https://www.producthunt.com/products/google?utm_campaign=producthunt-api&utm_medium=api-v2&utm_source=Application%3A+sokkertest+%28ID%3A+209846%29
2025-07-10,HelloCV AI,532,https://www.producthunt.com/products/hellocv-ai-2?utm_campaign=producthunt-api&utm_medium=api-v2&utm_source=Application%3A+sokkertest+%28ID%3A+209846%29
2025-07-10,Grok 4,460,https://www.producthunt.com/products/grok-3?utm_campaign=producthunt-api&utm_medium=api-v2&utm_source=Application%3A+sokkertest+%28ID%3A+209846%29
2025-07-10,Wibe for creators,457,https://www.producthunt.com/products/wibe-for-creators?utm_campaign=producthunt-api&utm_medium=api-v2&utm_source=Application%3A+sokkertest+%28ID%3A+209846%29
2025-07-10,Naya,339,https://www.producthunt.com/products/naya-2?utm_campaign=producthunt-api&utm_medium=api-v2&utm_source=Application%3A+sokkertest+%28ID%3A+209846%29
2025-07-10,HeronAI,296,https://www.producthunt.com/products/heronai?utm_campaign=producthunt-api&utm_medium=api-v2&utm_source=Application%3A+sokkertest+%28ID%3A+209846%29
2025-07-10,Pixelesq,198,https://www.producthunt.com/products/pixelesq?utm_campaign=producthunt-api&utm_medium=api-v2&utm_source=Application%3A+sokkertest+%28ID%3A+209846%29
2025-07-10,Reachy Mini,179,https://www.producthunt.com/products/hugging-face?utm_campaign=producthunt-api&utm_medium=api-v2&utm_source=Application%3A+sokkertest+%28ID%3A+209846%29
2025-07-10,Pagey,177,https://www.producthunt.com/products/pagey?utm_campaign=producthunt-api&utm_medium=api-v2&utm_source=Application%3A+sokkertest+%28ID%3A+209846%29
2025-07-10,Builduo,160,https://www.producthunt.com/products/builduo?utm_campaign=producthunt-api&utm_medium=api-v2&utm_source=Application%3A+sokkertest+%28ID%3A+209846%29
2025-07-10,Uplodio,159,https://www.producthunt.com/products/uplodio?utm_campaign=producthunt-api&utm_medium=api-v2&utm_source=Application%3A+sokkertest+%28ID%3A+209846%29
2025-07-09,Magic Animator (Beta),768,https://www.producthunt.com/products/lottielab?utm_campaign=producthunt-api&utm_medium=api-v2&utm_source=Application%3A+sokkertest+%28ID%3A+209846%29
2025-07-09,iftrue,424,https://www.producthunt.com/products/iftrue?utm_campaign=producthunt-api&utm_medium=api-v2&utm_source=Application%3A+sokkertest+%28ID%3A+209846%29
2025-07-09,VisualPH,371,https://www.producthunt.com/products/visualph?utm_campaign=producthunt-api&utm_medium=api-v2&utm_source=Application%3A+sokkertest+%28ID%3A+209846%29
2025-07-09,VSCO Canvas,274,https://www.producthunt.com/products/vsco?utm_campaign=producthunt-api&utm_medium=api-v2&utm_source=Application%3A+sokkertest+%28ID%3A+209846%29
2025-07-09,Hablo.pro,212,https://www.producthunt.com/products/hablo-pro?utm_campaign=producthunt-api&utm_medium=api-v2&utm_source=Application%3A+sokkertest+%28ID%3A+209846%29
2025-07-09,Plox,199,https://www.producthunt.com/products/plox?utm_campaign=producthunt-api&utm_medium=api-v2&utm_source=Application%3A+sokkertest+%28ID%3A+209846%29
2025-07-09,Dev Atrophy Test,194,https://www.producthunt.com/products/scrimba?utm_campaign=producthunt-api&utm_medium=api-v2&utm_source=Application%3A+sokkertest+%28ID%3A+209846%29
2025-07-09,fileAI AI OCR,176,https://www.producthunt.com/products/fileai-ai-ocr?utm_campaign=producthunt-api&utm_medium=api-v2&utm_source=Application%3A+sokkertest+%28ID%3A+209846%29
2025-07-09,Weavy,173,https://www.producthunt.com/products/weavy?utm_campaign=producthunt-api&utm_medium=api-v2&utm_source=Application%3A+sokkertest+%28ID%3A+209846%29
2025-07-09,Bookshelf ,160,https://www.producthunt.com/products/bookshelf-ai?utm_campaign=producthunt-api&utm_medium=api-v2&utm_source=Application%3A+sokkertest+%28ID%3A+209846%29
